[
{
  "model": "contenttypes.contenttype",
  "pk": 1,
  "fields": {
    "app_label": "admin",
    "model": "logentry"
  }
},
{
  "model": "contenttypes.contenttype",
  "pk": 2,
  "fields": {
    "app_label": "auth",
    "model": "permission"
  }
},
{
  "model": "contenttypes.contenttype",
  "pk": 3,
  "fields": {
    "app_label": "auth",
    "model": "group"
  }
},
{
  "model": "contenttypes.contenttype",
  "pk": 4,
  "fields": {
    "app_label": "auth",
    "model": "user"
  }
},
{
  "model": "contenttypes.contenttype",
  "pk": 5,
  "fields": {
    "app_label": "contenttypes",
    "model": "contenttype"
  }
},
{
  "model": "contenttypes.contenttype",
  "pk": 6,
  "fields": {
    "app_label": "sessions",
    "model": "session"
  }
},
{
  "model": "contenttypes.contenttype",
  "pk": 7,
  "fields": {
    "app_label": "app_eshop",
    "model": "cart"
  }
},
{
  "model": "contenttypes.contenttype",
  "pk": 8,
  "fields": {
    "app_label": "app_eshop",
    "model": "cultural"
  }
},
{
  "model": "contenttypes.contenttype",
  "pk": 9,
  "fields": {
    "app_label": "app_eshop",
    "model": "miscellaneous"
  }
},
{
  "model": "contenttypes.contenttype",
  "pk": 10,
  "fields": {
    "app_label": "app_eshop",
    "model": "phone"
  }
},
{
  "model": "contenttypes.contenttype",
  "pk": 11,
  "fields": {
    "app_label": "app_eshop",
    "model": "product"
  }
},
{
  "model": "contenttypes.contenttype",
  "pk": 12,
  "fields": {
    "app_label": "app_eshop",
    "model": "review"
  }
},
{
  "model": "contenttypes.contenttype",
  "pk": 13,
  "fields": {
    "app_label": "app_eshop",
    "model": "section"
  }
},
{
  "model": "contenttypes.contenttype",
  "pk": 14,
  "fields": {
    "app_label": "app_eshop",
    "model": "productsincart"
  }
},
{
  "model": "contenttypes.contenttype",
  "pk": 15,
  "fields": {
    "app_label": "app_articles",
    "model": "article"
  }
},
{
  "model": "sessions.session",
  "pk": "7f7cksb1wyeiejmbg13pppb7rmte1due",
  "fields": {
    "session_data": "NTMzMmUyMDE1NzRlZmQyYzA4NDQwNmVlNDdlN2JkYzQ5NTI2ZTcyZTp7fQ==",
    "expire_date": "2019-12-23T09:05:09.181Z"
  }
},
{
  "model": "sessions.session",
  "pk": "i0voiftqu1jqvzvr5u8908ekofkqdpte",
  "fields": {
    "session_data": "MGE4Y2QzNDkzMmIzY2ZiYWY4YmI4NTdiMWNhYzNlNTUzYzYzNTQwYTp7Il9hdXRoX3VzZXJfaWQiOiIxIiwiX2F1dGhfdXNlcl9iYWNrZW5kIjoiZGphbmdvLmNvbnRyaWIuYXV0aC5iYWNrZW5kcy5Nb2RlbEJhY2tlbmQiLCJfYXV0aF91c2VyX2hhc2giOiIzYTYyZTFhNmEzNDA1NzA5OTkwZjA4MjE2NDNlMDI4Y2ViMDAwOWFmIiwiY2FydCI6W3siaWQiOjEsInF1YW50aXR5IjoxLCJwcmljZSI6IjUwMCIsIm5hbWUiOiJOZXh1cyA1eCIsImRlc2NyaXB0aW9uIjoiIn0seyJpZCI6MSwicXVhbnRpdHkiOjEsInByaWNlIjoiNTAwIiwibmFtZSI6Ik5leHVzIDV4IiwiZGVzY3JpcHRpb24iOiIifSx7ImlkIjoxOCwicXVhbnRpdHkiOjEsInByaWNlIjoiNTgwIiwibmFtZSI6IlZpdm8gVjkiLCJkZXNjcmlwdGlvbiI6IiJ9LHsiaWQiOjI0LCJxdWFudGl0eSI6MSwicHJpY2UiOiI3ODkwIiwibmFtZSI6Ilx1MDQxMlx1MDQzMFx1MDQ0Mlx1MDQzZFx1MDQzOFx1MDQzYSIsImRlc2NyaXB0aW9uIjoiIn0seyJpZCI6MTgsInF1YW50aXR5IjoxLCJwcmljZSI6IjU4MCIsIm5hbWUiOiJWaXZvIFY5IiwiZGVzY3JpcHRpb24iOiI2LDMtXHUwNDM0XHUwNDRlXHUwNDM5XHUwNDNjXHUwNDNlXHUwNDMyXHUwNDRiXHUwNDM5IFx1MDQzNFx1MDQzOFx1MDQ0MVx1MDQzZlx1MDQzYlx1MDQzNVx1MDQzOSBcdTA0NDEgXHUwNDNjXHUwNDNlXHUwNDM0XHUwNDNkXHUwNDNlXHUwNDM5IFx1MDQzOCBcdTA0NDNcdTA0MzdcdTA0M2RcdTA0MzBcdTA0MzJcdTA0MzBcdTA0MzVcdTA0M2NcdTA0M2VcdTA0MzkgXHUwMGFiXHUwNDQ3XHUwNDUxXHUwNDNiXHUwNDNhXHUwNDNlXHUwNDM5XHUwMGJiIn0seyJpZCI6MTgsInF1YW50aXR5IjoxLCJwcmljZSI6IjU4MCIsIm5hbWUiOiJWaXZvIFY5IiwiZGVzY3JpcHRpb24iOiI2LDMtXHUwNDM0XHUwNDRlXHUwNDM5XHUwNDNjXHUwNDNlXHUwNDMyXHUwNDRiXHUwNDM5IFx1MDQzNFx1MDQzOFx1MDQ0MVx1MDQzZlx1MDQzYlx1MDQzNVx1MDQzOSBcdTA0NDEgXHUwNDNjXHUwNDNlXHUwNDM0XHUwNDNkXHUwNDNlXHUwNDM5IFx1MDQzOCBcdTA0NDNcdTA0MzdcdTA0M2RcdTA0MzBcdTA0MzJcdTA0MzBcdTA0MzVcdTA0M2NcdTA0M2VcdTA0MzkgXHUwMGFiXHUwNDQ3XHUwNDUxXHUwNDNiXHUwNDNhXHUwNDNlXHUwNDM5XHUwMGJiIn0seyJpZCI6MSwicXVhbnRpdHkiOjEsInByaWNlIjoiNTAwIiwibmFtZSI6Ik5leHVzIDV4IiwiZGVzY3JpcHRpb24iOiIifSx7ImlkIjoxOSwicXVhbnRpdHkiOjEsInByaWNlIjoiNzAwIiwibmFtZSI6IlhpYW9taSBTaGFyayBBR00gWDIiLCJkZXNjcmlwdGlvbiI6IiJ9LHsiaWQiOjEsInF1YW50aXR5IjoxLCJwcmljZSI6IjUwMCIsIm5hbWUiOiJOZXh1cyA1eCIsImRlc2NyaXB0aW9uIjoiIn0seyJpZCI6MSwicXVhbnRpdHkiOjEsInByaWNlIjoiNTAwIiwibmFtZSI6Ik5leHVzIDV4IiwiZGVzY3JpcHRpb24iOiJcdTA0MjdcdTA0MzVcdTA0NDBcdTA0M2RcdTA0NGJcdTA0MzkgXHUwNDQxXHUwNDNjXHUwNDMwXHUwNDQwXHUwNDQyXHUwNDQ0XHUwNDNlXHUwNDNkIE5leHVzIDV4IFx1MDQzMlx1MDQzNVx1MDQ0MVx1MDQzOFx1MDQ0MiBcdTA0MzJcdTA0NDFcdTA0MzVcdTA0MzNcdTA0M2UgMTMwIFx1MDQzMy4gXHUwNDM4IFx1MDQzOFx1MDQzY1x1MDQzNVx1MDQzNVx1MDQ0MiBcdTA0M2NcdTA0M2VcdTA0NDlcdTA0M2RcdTA0NDNcdTA0NGUgXCJcdTA0M2RcdTA0MzBcdTA0NDdcdTA0MzhcdTA0M2RcdTA0M2FcdTA0NDNcIi4ifV19",
    "expire_date": "2019-12-20T22:23:11.165Z"
  }
},
{
  "model": "sessions.session",
  "pk": "i3tpgul1t7n7bkxo6vp6v3irlk2d0kl5",
  "fields": {
    "session_data": "NDI0MzVhZTAzNjllMjc0MzM0YzQ3ZTc4N2YzMzk0NzFmZWE0ZDFlOTp7Il9hdXRoX3VzZXJfaWQiOiIxIiwiX2F1dGhfdXNlcl9iYWNrZW5kIjoiZGphbmdvLmNvbnRyaWIuYXV0aC5iYWNrZW5kcy5Nb2RlbEJhY2tlbmQiLCJfYXV0aF91c2VyX2hhc2giOiIzYTYyZTFhNmEzNDA1NzA5OTkwZjA4MjE2NDNlMDI4Y2ViMDAwOWFmIn0=",
    "expire_date": "2019-12-22T09:24:19.364Z"
  }
},
{
  "model": "sessions.session",
  "pk": "plbmqjg9y70shqioxpf2hfykc2606wcr",
  "fields": {
    "session_data": "NDUyZjg4MjcxZmJkMDY4YzhiNTFkZTA4NjFlYzcwOGUxYjdmYzk2NTp7Il9hdXRoX3VzZXJfaWQiOiIzIiwiX2F1dGhfdXNlcl9iYWNrZW5kIjoiZGphbmdvLmNvbnRyaWIuYXV0aC5iYWNrZW5kcy5Nb2RlbEJhY2tlbmQiLCJfYXV0aF91c2VyX2hhc2giOiI1Y2ZhZWMxMGNlODM3NjE5YzE5NmFiMDBmZTVkZjFkMzQ1ZWQ2NWZlIiwiY2FydCI6W119",
    "expire_date": "2019-12-23T09:42:53.962Z"
  }
},
{
  "model": "sessions.session",
  "pk": "si7kcv9ifxrmoet2ijj2pgvrgl60vmb9",
  "fields": {
    "session_data": "NDI0MzVhZTAzNjllMjc0MzM0YzQ3ZTc4N2YzMzk0NzFmZWE0ZDFlOTp7Il9hdXRoX3VzZXJfaWQiOiIxIiwiX2F1dGhfdXNlcl9iYWNrZW5kIjoiZGphbmdvLmNvbnRyaWIuYXV0aC5iYWNrZW5kcy5Nb2RlbEJhY2tlbmQiLCJfYXV0aF91c2VyX2hhc2giOiIzYTYyZTFhNmEzNDA1NzA5OTkwZjA4MjE2NDNlMDI4Y2ViMDAwOWFmIn0=",
    "expire_date": "2019-12-14T09:50:01.645Z"
  }
},
{
  "model": "sessions.session",
  "pk": "taw18fiitkhto1j83yrv70c684ogaesd",
  "fields": {
    "session_data": "NTMzMmUyMDE1NzRlZmQyYzA4NDQwNmVlNDdlN2JkYzQ5NTI2ZTcyZTp7fQ==",
    "expire_date": "2019-12-23T09:00:47.782Z"
  }
},
{
  "model": "sessions.session",
  "pk": "tiivjyxv20thrd8g3j2ba2yp92q55a0i",
  "fields": {
    "session_data": "ZmYxN2M2ZTFiMWU5YjMyZTZhNDYwZTUyODdmZDE2NzUwNjU4OThlMzp7Il9hdXRoX3VzZXJfaWQiOiIxIiwiX2F1dGhfdXNlcl9iYWNrZW5kIjoiZGphbmdvLmNvbnRyaWIuYXV0aC5iYWNrZW5kcy5Nb2RlbEJhY2tlbmQiLCJfYXV0aF91c2VyX2hhc2giOiIzYTYyZTFhNmEzNDA1NzA5OTkwZjA4MjE2NDNlMDI4Y2ViMDAwOWFmIiwiY2FydCI6W3siaWQiOjE4LCJuYW1lIjoiVml2byBWOSIsImRlc2NyaXB0aW9uIjoiIiwicXVhbnRpdHkiOiIxIn0seyJpZCI6MTgsIm5hbWUiOiJWaXZvIFY5IiwiZGVzY3JpcHRpb24iOiI2LDMtXHUwNDM0XHUwNDRlXHUwNDM5XHUwNDNjXHUwNDNlXHUwNDMyXHUwNDRiXHUwNDM5IFx1MDQzNFx1MDQzOFx1MDQ0MVx1MDQzZlx1MDQzYlx1MDQzNVx1MDQzOSBcdTA0NDEgXHUwNDNjXHUwNDNlXHUwNDM0XHUwNDNkXHUwNDNlXHUwNDM5IFx1MDQzOCBcdTA0NDNcdTA0MzdcdTA0M2RcdTA0MzBcdTA0MzJcdTA0MzBcdTA0MzVcdTA0M2NcdTA0M2VcdTA0MzkgXHUwMGFiXHUwNDQ3XHUwNDUxXHUwNDNiXHUwNDNhXHUwNDNlXHUwNDM5XHUwMGJiIiwicXVhbnRpdHkiOiIxIn0seyJpZCI6MTcsIm5hbWUiOiJWZXJ0ZXggSW1wcmVzcyBPbWVnYSIsImRlc2NyaXB0aW9uIjoiVmVydGV4IFx1MDQzOFx1MDQ0MVx1MDQzZlx1MDQzZVx1MDQzYlx1MDQ0Y1x1MDQzN1x1MDQ0M1x1MDQ0ZVx1MDQ0MiBcdTA0NDFcdTA0M2VcdTA0MzJcdTA0NDBcdTA0MzVcdTA0M2NcdTA0MzVcdTA0M2RcdTA0M2RcdTA0NGJcdTA0MzUgXHUwNDQyXHUwNDM1XHUwNDQ1XHUwNDNkXHUwNDNlXHUwNDNiXHUwNDNlXHUwNDMzXHUwNDM4XHUwNDM4IFx1MDQzOCBcIlx1MDQ0NFx1MDQzOFx1MDQ0OFx1MDQzYVx1MDQzOFwiLCAgXHUwNDQ1XHUwNDMwXHUwNDQwXHUwNDMwXHUwNDNhXHUwNDQyXHUwNDM1XHUwNDQwXHUwNDNkXHUwNDRiXHUwNDM1IFx1MDQzNFx1MDQzYlx1MDQ0ZiBcdTA0NDRcdTA0M2JcdTA0MzBcdTA0MzNcdTA0M2NcdTA0MzBcdTA0M2RcdTA0M2VcdTA0MzIiLCJxdWFudGl0eSI6IjEifV19",
    "expire_date": "2019-12-15T11:31:59.318Z"
  }
},
{
  "model": "sessions.session",
  "pk": "y77hpz06yzuwzluwgov0ozer5ln83etd",
  "fields": {
    "session_data": "NmM4NmNhNzk4NDZkYmFiMDhjMWVhNDAxZjdmMjQ2YjU5ODlhMmJmNjp7Il9hdXRoX3VzZXJfaWQiOiIxIiwiX2F1dGhfdXNlcl9iYWNrZW5kIjoiZGphbmdvLmNvbnRyaWIuYXV0aC5iYWNrZW5kcy5Nb2RlbEJhY2tlbmQiLCJfYXV0aF91c2VyX2hhc2giOiIzYTYyZTFhNmEzNDA1NzA5OTkwZjA4MjE2NDNlMDI4Y2ViMDAwOWFmIiwiY2FydCI6W3siaWQiOjE4LCJuYW1lIjoiVml2byBWOSIsImRlc2NyaXB0aW9uIjoiNiwzLVx1MDQzNFx1MDQ0ZVx1MDQzOVx1MDQzY1x1MDQzZVx1MDQzMlx1MDQ0Ylx1MDQzOSBcdTA0MzRcdTA0MzhcdTA0NDFcdTA0M2ZcdTA0M2JcdTA0MzVcdTA0MzkgXHUwNDQxIFx1MDQzY1x1MDQzZVx1MDQzNFx1MDQzZFx1MDQzZVx1MDQzOSBcdTA0MzggXHUwNDQzXHUwNDM3XHUwNDNkXHUwNDMwXHUwNDMyXHUwNDMwXHUwNDM1XHUwNDNjXHUwNDNlXHUwNDM5IFx1MDBhYlx1MDQ0N1x1MDQ1MVx1MDQzYlx1MDQzYVx1MDQzZVx1MDQzOVx1MDBiYiIsInF1YW50aXR5IjoiMSJ9LHsiaWQiOjE3LCJuYW1lIjoiVmVydGV4IEltcHJlc3MgT21lZ2EiLCJkZXNjcmlwdGlvbiI6IlZlcnRleCBcdTA0MzhcdTA0NDFcdTA0M2ZcdTA0M2VcdTA0M2JcdTA0NGNcdTA0MzdcdTA0NDNcdTA0NGVcdTA0NDIgXHUwNDQxXHUwNDNlXHUwNDMyXHUwNDQwXHUwNDM1XHUwNDNjXHUwNDM1XHUwNDNkXHUwNDNkXHUwNDRiXHUwNDM1IFx1MDQ0Mlx1MDQzNVx1MDQ0NVx1MDQzZFx1MDQzZVx1MDQzYlx1MDQzZVx1MDQzM1x1MDQzOFx1MDQzOCBcdTA0MzggXCJcdTA0NDRcdTA0MzhcdTA0NDhcdTA0M2FcdTA0MzhcIiwgIFx1MDQ0NVx1MDQzMFx1MDQ0MFx1MDQzMFx1MDQzYVx1MDQ0Mlx1MDQzNVx1MDQ0MFx1MDQzZFx1MDQ0Ylx1MDQzNSBcdTA0MzRcdTA0M2JcdTA0NGYgXHUwNDQ0XHUwNDNiXHUwNDMwXHUwNDMzXHUwNDNjXHUwNDMwXHUwNDNkXHUwNDNlXHUwNDMyIiwicXVhbnRpdHkiOiIxIn0seyJpZCI6MTcsIm5hbWUiOiJWZXJ0ZXggSW1wcmVzcyBPbWVnYSIsImRlc2NyaXB0aW9uIjoiVmVydGV4IFx1MDQzOFx1MDQ0MVx1MDQzZlx1MDQzZVx1MDQzYlx1MDQ0Y1x1MDQzN1x1MDQ0M1x1MDQ0ZVx1MDQ0MiBcdTA0NDFcdTA0M2VcdTA0MzJcdTA0NDBcdTA0MzVcdTA0M2NcdTA0MzVcdTA0M2RcdTA0M2RcdTA0NGJcdTA0MzUgXHUwNDQyXHUwNDM1XHUwNDQ1XHUwNDNkXHUwNDNlXHUwNDNiXHUwNDNlXHUwNDMzXHUwNDM4XHUwNDM4IFx1MDQzOCBcIlx1MDQ0NFx1MDQzOFx1MDQ0OFx1MDQzYVx1MDQzOFwiLCAgXHUwNDQ1XHUwNDMwXHUwNDQwXHUwNDMwXHUwNDNhXHUwNDQyXHUwNDM1XHUwNDQwXHUwNDNkXHUwNDRiXHUwNDM1IFx1MDQzNFx1MDQzYlx1MDQ0ZiBcdTA0NDRcdTA0M2JcdTA0MzBcdTA0MzNcdTA0M2NcdTA0MzBcdTA0M2RcdTA0M2VcdTA0MzIiLCJxdWFudGl0eSI6IjEifSx7ImlkIjoxNywibmFtZSI6IlZlcnRleCBJbXByZXNzIE9tZWdhIiwiZGVzY3JpcHRpb24iOiJWZXJ0ZXggXHUwNDM4XHUwNDQxXHUwNDNmXHUwNDNlXHUwNDNiXHUwNDRjXHUwNDM3XHUwNDQzXHUwNDRlXHUwNDQyIFx1MDQ0MVx1MDQzZVx1MDQzMlx1MDQ0MFx1MDQzNVx1MDQzY1x1MDQzNVx1MDQzZFx1MDQzZFx1MDQ0Ylx1MDQzNSBcdTA0NDJcdTA0MzVcdTA0NDVcdTA0M2RcdTA0M2VcdTA0M2JcdTA0M2VcdTA0MzNcdTA0MzhcdTA0MzggXHUwNDM4IFwiXHUwNDQ0XHUwNDM4XHUwNDQ4XHUwNDNhXHUwNDM4XCIsICBcdTA0NDVcdTA0MzBcdTA0NDBcdTA0MzBcdTA0M2FcdTA0NDJcdTA0MzVcdTA0NDBcdTA0M2RcdTA0NGJcdTA0MzUgXHUwNDM0XHUwNDNiXHUwNDRmIFx1MDQ0NFx1MDQzYlx1MDQzMFx1MDQzM1x1MDQzY1x1MDQzMFx1MDQzZFx1MDQzZVx1MDQzMiIsInF1YW50aXR5IjoiMSJ9LHsiaWQiOjI0LCJuYW1lIjoiXHUwNDEyXHUwNDMwXHUwNDQyXHUwNDNkXHUwNDM4XHUwNDNhIiwiZGVzY3JpcHRpb24iOiIiLCJxdWFudGl0eSI6IjEifSx7ImlkIjoxOCwibmFtZSI6IlZpdm8gVjkiLCJkZXNjcmlwdGlvbiI6IjYsMy1cdTA0MzRcdTA0NGVcdTA0MzlcdTA0M2NcdTA0M2VcdTA0MzJcdTA0NGJcdTA0MzkgXHUwNDM0XHUwNDM4XHUwNDQxXHUwNDNmXHUwNDNiXHUwNDM1XHUwNDM5IFx1MDQ0MSBcdTA0M2NcdTA0M2VcdTA0MzRcdTA0M2RcdTA0M2VcdTA0MzkgXHUwNDM4IFx1MDQ0M1x1MDQzN1x1MDQzZFx1MDQzMFx1MDQzMlx1MDQzMFx1MDQzNVx1MDQzY1x1MDQzZVx1MDQzOSBcdTAwYWJcdTA0NDdcdTA0NTFcdTA0M2JcdTA0M2FcdTA0M2VcdTA0MzlcdTAwYmIiLCJxdWFudGl0eSI6IjEifSx7ImlkIjoxOCwibmFtZSI6IlZpdm8gVjkiLCJkZXNjcmlwdGlvbiI6IjYsMy1cdTA0MzRcdTA0NGVcdTA0MzlcdTA0M2NcdTA0M2VcdTA0MzJcdTA0NGJcdTA0MzkgXHUwNDM0XHUwNDM4XHUwNDQxXHUwNDNmXHUwNDNiXHUwNDM1XHUwNDM5IFx1MDQ0MSBcdTA0M2NcdTA0M2VcdTA0MzRcdTA0M2RcdTA0M2VcdTA0MzkgXHUwNDM4IFx1MDQ0M1x1MDQzN1x1MDQzZFx1MDQzMFx1MDQzMlx1MDQzMFx1MDQzNVx1MDQzY1x1MDQzZVx1MDQzOSBcdTAwYWJcdTA0NDdcdTA0NTFcdTA0M2JcdTA0M2FcdTA0M2VcdTA0MzlcdTAwYmIiLCJxdWFudGl0eSI6IjEifSx7ImlkIjoxOCwibmFtZSI6IlZpdm8gVjkiLCJkZXNjcmlwdGlvbiI6IiIsInF1YW50aXR5IjoiMSJ9LHsiaWQiOjE4LCJuYW1lIjoiVml2byBWOSIsImRlc2NyaXB0aW9uIjoiNiwzLVx1MDQzNFx1MDQ0ZVx1MDQzOVx1MDQzY1x1MDQzZVx1MDQzMlx1MDQ0Ylx1MDQzOSBcdTA0MzRcdTA0MzhcdTA0NDFcdTA0M2ZcdTA0M2JcdTA0MzVcdTA0MzkgXHUwNDQxIFx1MDQzY1x1MDQzZVx1MDQzNFx1MDQzZFx1MDQzZVx1MDQzOSBcdTA0MzggXHUwNDQzXHUwNDM3XHUwNDNkXHUwNDMwXHUwNDMyXHUwNDMwXHUwNDM1XHUwNDNjXHUwNDNlXHUwNDM5IFx1MDBhYlx1MDQ0N1x1MDQ1MVx1MDQzYlx1MDQzYVx1MDQzZVx1MDQzOVx1MDBiYiIsInF1YW50aXR5IjoiMSJ9LHsiaWQiOjIyLCJuYW1lIjoiXHUwNDEzXHUwNDMwXHUwNDQwXHUwNDNjXHUwNDNlXHUwNDNkXHUwNDRjIFx1MDQyOFx1MDQ0M1x1MDQzOVx1MDQ0MVx1MDQzYVx1MDQzMFx1MDQ0ZiIsImRlc2NyaXB0aW9uIjoiIiwicXVhbnRpdHkiOiIxIn0seyJpZCI6MTgsIm5hbWUiOiJWaXZvIFY5IiwiZGVzY3JpcHRpb24iOiIiLCJxdWFudGl0eSI6IjEifSx7ImlkIjoxMSwibmFtZSI6Ikh1YXdlaSBZNSIsImRlc2NyaXB0aW9uIjoiQ1x1MDQ0Mlx1MDQzOFx1MDQzYlx1MDQ0Y1x1MDQzZFx1MDQzZVx1MDQzNSBcdTA0NDNcdTA0NDFcdTA0NDJcdTA0NDBcdTA0M2VcdTA0MzlcdTA0NDFcdTA0NDJcdTA0MzJcdTA0M2UgXHUwNDM0XHUwNDNiXHUwNDRmIFx1MDQzZVx1MDQzMVx1MDQ0OVx1MDQzNVx1MDQzZFx1MDQzOFx1MDQ0ZiwgXHUwNDQwXHUwNDMwXHUwNDMxXHUwNDNlXHUwNDQyXHUwNDRiIFx1MDQzOCBcdTA0NDBcdTA0MzBcdTA0MzdcdTA0MzJcdTA0M2JcdTA0MzVcdTA0NDdcdTA0MzVcdTA0M2RcdTA0MzhcdTA0MzkuIiwicXVhbnRpdHkiOiIxIn0seyJpZCI6MTgsIm5hbWUiOiJWaXZvIFY5IiwiZGVzY3JpcHRpb24iOiI2LDMtXHUwNDM0XHUwNDRlXHUwNDM5XHUwNDNjXHUwNDNlXHUwNDMyXHUwNDRiXHUwNDM5IFx1MDQzNFx1MDQzOFx1MDQ0MVx1MDQzZlx1MDQzYlx1MDQzNVx1MDQzOSBcdTA0NDEgXHUwNDNjXHUwNDNlXHUwNDM0XHUwNDNkXHUwNDNlXHUwNDM5IFx1MDQzOCBcdTA0NDNcdTA0MzdcdTA0M2RcdTA0MzBcdTA0MzJcdTA0MzBcdTA0MzVcdTA0M2NcdTA0M2VcdTA0MzkgXHUwMGFiXHUwNDQ3XHUwNDUxXHUwNDNiXHUwNDNhXHUwNDNlXHUwNDM5XHUwMGJiIiwicXVhbnRpdHkiOiIxIn1dfQ==",
    "expire_date": "2019-12-15T08:10:48.224Z"
  }
},
{
  "model": "app_eshop.section",
  "pk": 1,
  "fields": {
    "name": "\u0421\u043c\u0430\u0440\u0442\u0444\u043e\u043d\u044b",
    "template_name": "phone",
    "location": "section 1",
    "slug": "smartfony"
  }
},
{
  "model": "app_eshop.section",
  "pk": 2,
  "fields": {
    "name": "\u041a\u0443\u043b\u044c\u0442\u0443\u0440\u043d\u044b\u0435 \u0433\u0430\u0434\u0436\u0435\u0442\u044b",
    "template_name": "culture",
    "location": "section 2",
    "slug": "kulturnye-gadzhety"
  }
},
{
  "model": "app_eshop.section",
  "pk": 3,
  "fields": {
    "name": "\u0420\u0430\u0437\u043d\u044b\u0435",
    "template_name": "miscellaneous",
    "location": "section 2",
    "slug": "raznye"
  }
},
{
  "model": "app_eshop.product",
  "pk": 1,
  "fields": {
    "section": 1,
    "name": "Nexus 5x",
    "price": "500",
    "qty": "100",
    "image": "nexus5x.jpg",
    "release_date": "2019-07-04",
    "status": "available",
    "slug": "nexus-5x"
  }
},
{
  "model": "app_eshop.product",
  "pk": 2,
  "fields": {
    "section": 1,
    "name": "iPhone 7",
    "price": "1000",
    "qty": "652",
    "image": "iphone7.jpg",
    "release_date": "2019-04-11",
    "status": "available",
    "slug": "iphone-7"
  }
},
{
  "model": "app_eshop.product",
  "pk": 3,
  "fields": {
    "section": 1,
    "name": "Pixel 2",
    "price": "650",
    "qty": "532",
    "image": "pixel2.jpg",
    "release_date": "2019-03-08",
    "status": "available",
    "slug": "pixel-2"
  }
},
{
  "model": "app_eshop.product",
  "pk": 4,
  "fields": {
    "section": 1,
    "name": "iPhone X",
    "price": "1500",
    "qty": "1",
    "image": "iphone-x.jpg",
    "release_date": "2019-10-01",
    "status": "awaiting delivery",
    "slug": "iphone-x"
  }
},
{
  "model": "app_eshop.product",
  "pk": 5,
  "fields": {
    "section": 1,
    "name": "Nokia 8",
    "price": "250",
    "qty": "0",
    "image": "nokia_8.jpg",
    "release_date": "2019-01-01",
    "status": "not available",
    "slug": "nokia-8"
  }
},
{
  "model": "app_eshop.product",
  "pk": 6,
  "fields": {
    "section": 1,
    "name": "Samsung Galaxy Edge 2",
    "price": "769",
    "qty": "0",
    "image": "samsung-galaxy-edge-2.jpg",
    "release_date": "2019-10-03",
    "status": "awaiting delivery",
    "slug": "samsung-galaxy-edge-2"
  }
},
{
  "model": "app_eshop.product",
  "pk": 7,
  "fields": {
    "section": 1,
    "name": "Samsung 8",
    "price": "899",
    "qty": "25",
    "image": "samsungs8.jpg",
    "release_date": "2019-08-23",
    "status": "awaiting delivery",
    "slug": "samsung-8"
  }
},
{
  "model": "app_eshop.product",
  "pk": 8,
  "fields": {
    "section": 1,
    "name": "Archos Access 50",
    "price": "150",
    "qty": "300",
    "image": "archos_access_50.jpg",
    "release_date": "2018-11-09",
    "status": "available",
    "slug": "archos-access-50"
  }
},
{
  "model": "app_eshop.product",
  "pk": 9,
  "fields": {
    "section": 1,
    "name": "Caterpillar S31",
    "price": "439",
    "qty": "540",
    "image": "caterpillar_s31.jpg",
    "release_date": "2018-08-08",
    "status": "available",
    "slug": "caterpillar-s31"
  }
},
{
  "model": "app_eshop.product",
  "pk": 10,
  "fields": {
    "section": 1,
    "name": "HTC Desire 650",
    "price": "260",
    "qty": "0",
    "image": "HTC_Desire_650.jpg",
    "release_date": "2016-11-02",
    "status": "discontinued",
    "slug": "htc-desire-650"
  }
},
{
  "model": "app_eshop.product",
  "pk": 11,
  "fields": {
    "section": 1,
    "name": "Huawei Y5",
    "price": "321",
    "qty": "0",
    "image": "huawei_y5.jpg",
    "release_date": "2017-05-05",
    "status": "discontinued",
    "slug": "huawei-y5"
  }
},
{
  "model": "app_eshop.product",
  "pk": 12,
  "fields": {
    "section": 1,
    "name": "LG K8",
    "price": "357",
    "qty": "220",
    "image": "LG_k8.jpg",
    "release_date": "2017-11-09",
    "status": "available",
    "slug": "lg-k8"
  }
},
{
  "model": "app_eshop.product",
  "pk": 13,
  "fields": {
    "section": 1,
    "name": "LG Leon H324",
    "price": "110",
    "qty": "010",
    "image": "LG_leon_H324.jpg",
    "release_date": "2017-08-23",
    "status": "not available",
    "slug": "lg-leon-h324"
  }
},
{
  "model": "app_eshop.product",
  "pk": 14,
  "fields": {
    "section": 1,
    "name": "Motorola Moto X",
    "price": "390",
    "qty": "150",
    "image": "Motorola_moto_x_style.jpg",
    "release_date": "2017-11-11",
    "status": "available",
    "slug": "motorola-moto-x"
  }
},
{
  "model": "app_eshop.product",
  "pk": 15,
  "fields": {
    "section": 1,
    "name": "Runbo",
    "price": "300",
    "qty": "0",
    "image": "Runbo_F2.jpg",
    "release_date": "2018-11-17",
    "status": "awaiting delivery",
    "slug": "runbo"
  }
},
{
  "model": "app_eshop.product",
  "pk": 16,
  "fields": {
    "section": 1,
    "name": "teXet ROCK TM-5201",
    "price": "279",
    "qty": "0",
    "image": "teXet_ROCK_TM-5201.jpg",
    "release_date": "2018-07-11",
    "status": "awaiting delivery",
    "slug": "texet-rock-tm-5201"
  }
},
{
  "model": "app_eshop.product",
  "pk": 17,
  "fields": {
    "section": 1,
    "name": "Vertex Impress Omega",
    "price": "400",
    "qty": "115",
    "image": "Vertex_Impress_Omega.jpg",
    "release_date": "2019-03-05",
    "status": "available",
    "slug": "vertex-impress-omega"
  }
},
{
  "model": "app_eshop.product",
  "pk": 18,
  "fields": {
    "section": 1,
    "name": "Vivo V9",
    "price": "580",
    "qty": "0",
    "image": "vivo_v9_1.jpg",
    "release_date": "2019-03-09",
    "status": "awaiting delivery",
    "slug": "vivo-v9"
  }
},
{
  "model": "app_eshop.product",
  "pk": 19,
  "fields": {
    "section": 1,
    "name": "Xiaomi Shark AGM X2",
    "price": "700",
    "qty": "330",
    "image": "Xiaomi_Shark_AGM-X2.jpg",
    "release_date": "2018-10-22",
    "status": "available",
    "slug": "xiaomi-shark-agm-x2"
  }
},
{
  "model": "app_eshop.product",
  "pk": 20,
  "fields": {
    "section": 3,
    "name": "\u0412\u0435\u0434\u043c\u0435\u0434\u0438\u043a \u0414\u043e\u0431\u0440\u044b\u0439",
    "price": "0",
    "qty": "0",
    "image": "vedmedik.jpg",
    "release_date": "2015-09-24",
    "status": "not available",
    "slug": "vedmedik-dobryj"
  }
},
{
  "model": "app_eshop.product",
  "pk": 21,
  "fields": {
    "section": 2,
    "name": "\u0411\u0430\u043b\u0430\u043b\u0430\u0439\u043a\u0430 \u0430\u0440\u0442\u043e\u0432\u0430\u044f",
    "price": "15000",
    "qty": "1",
    "image": "Balalaika_500px.jpg",
    "release_date": "2006-10-11",
    "status": "available",
    "slug": "balalajka-artovaya"
  }
},
{
  "model": "app_eshop.product",
  "pk": 22,
  "fields": {
    "section": 2,
    "name": "\u0413\u0430\u0440\u043c\u043e\u043d\u044c \u0428\u0443\u0439\u0441\u043a\u0430\u044f",
    "price": "50000",
    "qty": "1",
    "image": "shuyskaya-garmon-pobeda.jpg",
    "release_date": "2011-05-03",
    "status": "awaiting delivery",
    "slug": "garmon-shujskaya"
  }
},
{
  "model": "app_eshop.product",
  "pk": 23,
  "fields": {
    "section": 3,
    "name": "\u0424\u0443\u0444\u0430\u0439\u043a\u0430 \u0422\u0435\u043b\u044c\u043d\u0438\u043a",
    "price": "4300",
    "qty": "5",
    "image": "fufajka.jpg",
    "release_date": "2018-02-14",
    "status": "awaiting delivery",
    "slug": "fufajka-telnik"
  }
},
{
  "model": "app_eshop.product",
  "pk": 24,
  "fields": {
    "section": 3,
    "name": "\u0412\u0430\u0442\u043d\u0438\u043a",
    "price": "7890",
    "qty": "0",
    "image": "vatnik.jpg",
    "release_date": "2013-08-08",
    "status": "awaiting delivery",
    "slug": "vatnik"
  }
},
{
  "model": "app_eshop.product",
  "pk": 25,
  "fields": {
    "section": 3,
    "name": "\u0412\u043e\u0434\u043a\u0430 \u041f\u0440\u043e\u0441\u0442\u0430\u044f",
    "price": "400",
    "qty": "490",
    "image": "vodka_simple.jpg",
    "release_date": "2019-11-01",
    "status": "available",
    "slug": "vodka-prostaya"
  }
},
{
  "model": "app_eshop.review",
  "pk": 1,
  "fields": {
    "publish_date": "2019-11-18T20:50:07.487Z",
    "product": 4,
    "name": "\u041a\u043e\u0441\u043c\u043e\u0441",
    "text": "WOW!",
    "rating": "5"
  }
},
{
  "model": "app_eshop.review",
  "pk": 5,
  "fields": {
    "publish_date": "2019-11-18T21:24:11.050Z",
    "product": 17,
    "name": "\u0411\u0438\u0431\u0438\u0433\u043e\u043d",
    "text": "\u0423\u0440\u0430!",
    "rating": "5"
  }
},
{
  "model": "app_eshop.review",
  "pk": 6,
  "fields": {
    "publish_date": "2019-11-18T21:36:45.612Z",
    "product": 7,
    "name": "\u041b\u0438\u043c\u043e\u043d\u0434\u043d\u044b\u0439 \u0414\u0436\u043e",
    "text": "uuuoi",
    "rating": "3"
  }
},
{
  "model": "app_eshop.review",
  "pk": 9,
  "fields": {
    "publish_date": "2019-11-18T21:48:02.743Z",
    "product": 2,
    "name": "\u0414\u0436\u044d\u043a \u0414\u044d\u043d\u0438\u0435\u043b\u0441",
    "text": "no on no no no on no",
    "rating": "3"
  }
},
{
  "model": "app_eshop.review",
  "pk": 10,
  "fields": {
    "publish_date": "2019-11-18T21:49:43.669Z",
    "product": 13,
    "name": "\u0421\u043e\u043b\u043e\u0432\u0435\u0439-\u0420\u0430\u0437\u0431\u043e\u0439\u043d\u0438\u043a",
    "text": "\u0424\u044c\u044e\u044e\u044e\u044e\u044e\u044e\u044e\u044e\u044e\u044e\u044e\u044e\u044e\u044e\u044e\u044e",
    "rating": "2"
  }
},
{
  "model": "app_eshop.review",
  "pk": 11,
  "fields": {
    "publish_date": "2019-11-24T10:12:23.857Z",
    "product": 23,
    "name": "\u0414\u0436\u044d\u043a \u0414\u044d\u043d\u0438\u0435\u043b\u0441",
    "text": "\u0423 \u043c\u0430\u0442\u0440\u043e\u0441\u043e\u0432 \u043d\u0435\u0442 \u0432\u043e\u043f\u0440\u043e\u0441\u043e\u0432",
    "rating": "5"
  }
},
{
  "model": "app_eshop.review",
  "pk": 12,
  "fields": {
    "publish_date": "2019-11-26T07:06:05.566Z",
    "product": 23,
    "name": "\u0411\u043e\u0431",
    "text": "\u0425\u043e\u0440\u043e\u0448\u0430\u044f \u0444\u0443\u0444\u0430\u0439\u043a\u0430!",
    "rating": "4"
  }
},
{
  "model": "app_eshop.review",
  "pk": 13,
  "fields": {
    "publish_date": "2019-11-26T10:09:36.612Z",
    "product": 23,
    "name": "\u0414\u0436\u043e\u043d\u043d\u0438",
    "text": "\u042d\u0442\u043e \u043f\u0440\u043e\u0441\u0442\u043e \u043f\u0440\u0430\u0437\u0434\u043d\u0438\u043a \u043a\u0430\u043a\u043e\u0439\u0442\u043e!!!! \r\n\u041d\u0430\u0441\u0442\u043e\u044f\u0449\u0438\u0439 \u043a\u0440\u0443\u0442\u043e\u0439 \u0442\u0435\u043b\u044c\u043d\u0438\u043a. \u0424\u0443\u0444\u0430\u0438\u0441\u0442\u044b\u0439 \u0442\u0435\u043b\u044c\u043d\u0438\u043a!",
    "rating": "5"
  }
},
{
  "model": "app_eshop.review",
  "pk": 14,
  "fields": {
    "publish_date": "2019-11-30T13:54:29.700Z",
    "product": 17,
    "name": "\u041d\u0430\u0441\u0442\u044f",
    "text": "\u0425\u043e\u0440\u043e\u0448\u0430 \u043c\u043e\u0431\u0438\u043b\u043a\u0430!",
    "rating": "5"
  }
},
{
  "model": "app_eshop.review",
  "pk": 15,
  "fields": {
    "publish_date": "2019-11-30T15:02:48.136Z",
    "product": 21,
    "name": "\u0413\u0430\u0440\u043c\u043e\u043d\u0438\u0441\u0442 \u0415\u043c\u0435\u043b\u044f",
    "text": "\u0410\u0445 \u0427\u0423\u041c\u0410!!!!",
    "rating": "5"
  }
},
{
  "model": "app_eshop.review",
  "pk": 16,
  "fields": {
    "publish_date": "2019-11-30T15:05:16.681Z",
    "product": 21,
    "name": "Angus Young",
    "text": "It's not possible to play AC/DC on it.",
    "rating": "3"
  }
},
{
  "model": "app_eshop.review",
  "pk": 17,
  "fields": {
    "publish_date": "2019-11-30T15:49:07.775Z",
    "product": 18,
    "name": "\u042e\u0437\u0432\u0435\u0440\u044c",
    "text": "\u0443\u0443\u0443\u0443((((( \r\n\u0442\u0440\u044d\u0448!",
    "rating": "1"
  }
},
{
  "model": "app_eshop.review",
  "pk": 18,
  "fields": {
    "publish_date": "2019-12-05T22:39:31.622Z",
    "product": 3,
    "name": "\u041a\u0440\u0430\u0441\u043d\u044b\u0439 \u041f\u0430\u0440\u0442\u0438\u0437\u0430\u043d",
    "text": "\u041d\u0443 \u0441\u0440\u0435\u0434\u043d\u0435\u043d\u044c\u043a\u043e...",
    "rating": "3"
  }
},
{
  "model": "app_eshop.review",
  "pk": 19,
  "fields": {
    "publish_date": "2019-12-05T22:50:02.046Z",
    "product": 22,
    "name": "\u0413\u0430\u0440\u043c\u043e\u043d\u0438\u0441\u0442 \u0415\u043c\u0435\u043b\u044f",
    "text": "\u041e\u0442\u043b\u0438\u0447\u043d\u0430!",
    "rating": "5"
  }
},
{
  "model": "app_eshop.review",
  "pk": 20,
  "fields": {
    "publish_date": "2019-12-08T15:24:49.252Z",
    "product": 25,
    "name": "\u041c\u0438\u0442\u044f\u0439",
    "text": "\u0420\u0443\u0431\u044f\u0442\u044b! \r\n\u041a\u0430\u043c\u043f\u043e\u0442 - \u0430\u0445\u043e\u043d\u044c!",
    "rating": "5"
  }
},
{
  "model": "app_eshop.review",
  "pk": 21,
  "fields": {
    "publish_date": "2019-12-08T15:35:28.490Z",
    "product": 18,
    "name": "\u0422\u0435\u043b\u0435\u0444\u043e\u043d\u043d\u044b\u0439 \u043c\u0430\u0441\u0442\u0435\u0440",
    "text": "\u041d\u043e\u0440\u043c\u0430\u043b\u044c\u043d\u0430\u044f \u043c\u043e\u0431\u0438\u043b\u043a\u0430!",
    "rating": "4"
  }
},
{
  "model": "app_eshop.phone",
  "pk": 1,
  "fields": {
    "product": 8,
    "model": "50 3G",
    "cpu": "Spreadtrum SC77",
    "cpu_cores": "4",
    "ram": "1",
    "int_flash": "8",
    "ext_flash_type": "yes",
    "ext_flash": "64",
    "cam": "1 - 8Mp",
    "gsm_ranges": "GSM 900/1800/1900,",
    "internet": "3G, WAP, EDGE, GPRS, HSPA+",
    "pay": "no",
    "display_type": "Color, TN, Touch",
    "display_size": "5.00",
    "nav": "GPS",
    "os": "Android 7.0",
    "sim_type": "micro SIM",
    "sim_cards": "2",
    "accum_capacity": "2000",
    "body": "Plastic",
    "color": "Black",
    "dimensions": "70.9x143.7x9.5 mm",
    "weight": "160",
    "description": "ARCHOS"
  }
},
{
  "model": "app_eshop.phone",
  "pk": 2,
  "fields": {
    "product": 14,
    "model": "Motorola Moto X Style 16GB",
    "cpu": "Qualcomm MSM899",
    "cpu_cores": "6",
    "ram": "3",
    "int_flash": "16",
    "ext_flash_type": "yes",
    "ext_flash": "128",
    "cam": "1 -21 MP; 2 - 5 MP",
    "gsm_ranges": "850, 900, 1800, 1900",
    "internet": "3G, WAP, EDGE, GPRS, HSPA+",
    "pay": "Google Pay",
    "display_type": "TFT / 2560x1440 (QHD)",
    "display_size": "5.70",
    "nav": "A-GPS",
    "os": "Android",
    "sim_type": "nano SIM",
    "sim_cards": "2",
    "accum_capacity": "3000",
    "body": "Plastic",
    "color": "Black",
    "dimensions": "76.2x153.9x11.06 mm",
    "weight": "179",
    "description": "Hello Moto..."
  }
},
{
  "model": "app_eshop.phone",
  "pk": 3,
  "fields": {
    "product": 9,
    "model": "Cat S31",
    "cpu": "Snapdragon 210",
    "cpu_cores": "4",
    "ram": "2",
    "int_flash": "16",
    "ext_flash_type": "yes",
    "ext_flash": "128",
    "cam": "1 - 8 MP; 2 - 2 MP",
    "gsm_ranges": "850, 900, 1800, 1900",
    "internet": "2G/3G/4G(LTE)",
    "pay": "no",
    "display_type": "TFT /1280x720 (QHD)",
    "display_size": "4.70",
    "nav": "GPS",
    "os": "Android 7.1",
    "sim_type": "nano SIM",
    "sim_cards": "2",
    "accum_capacity": "4000",
    "body": "Plastic",
    "color": "Black",
    "dimensions": "74.0x146.0x13.0 mm",
    "weight": "200",
    "description": "\u0414\u043e\u0431\u0440\u043e\u0442\u043d\u044b\u0439 \u043f\u043e\u0445\u043e\u0434\u043d\u044b\u0439 \u0441\u043c\u0430\u0440\u0442\u0444\u043e\u043d \u0432 \u043f\u044b\u043b\u0435\u0432\u043b\u0430\u0433\u043e\u0437\u0430\u0449\u0438\u0442\u043d\u043e\u043c \u043d\u0430\u0434\u0435\u0436\u043d\u043e\u043c \u043a\u043e\u0440\u043f\u0443\u0441\u0435 \u0438 \u0441 \u0445\u043e\u0440\u043e\u0448\u0435\u0439 \u0430\u0432\u0442\u043e\u043d\u043e\u043c\u043d\u043e\u0441\u0442\u044c\u044e."
  }
},
{
  "model": "app_eshop.phone",
  "pk": 4,
  "fields": {
    "product": 10,
    "model": "Desire 650",
    "cpu": "Qualcomm MSM892",
    "cpu_cores": "4",
    "ram": "2",
    "int_flash": "16",
    "ext_flash_type": "yes",
    "ext_flash": "2048",
    "cam": "1 - 13 MP/ 2- 5 MP",
    "gsm_ranges": "GSM 900/1800/1900, 3G, 4G LTE,",
    "internet": "HSPA+, HSUPA, EDGE, E-GPRS",
    "pay": "yes",
    "display_type": "HD (1280 \u0445 720)",
    "display_size": "5.00",
    "nav": "GPS/\u0413\u043b\u043e\u043d\u0430\u0441\u0441",
    "os": "Android 6.0",
    "sim_type": "nano-SIM",
    "sim_cards": "1",
    "accum_capacity": "2200",
    "body": "Plastic",
    "color": "Black. White",
    "dimensions": "70.9x146.9x8.4",
    "weight": "140",
    "description": "\u041a\u0443\u043f\u0438\u043b HTC?\r\n\u0414\u043e\u0431\u0430\u0432\u043a\u0443 \u043d\u0435 \u043f\u0440\u043e\u0441\u0438!"
  }
},
{
  "model": "app_eshop.phone",
  "pk": 5,
  "fields": {
    "product": 11,
    "model": "Huawei Y5 2019 32",
    "cpu": "MediaTek Helio",
    "cpu_cores": "4",
    "ram": "2",
    "int_flash": "32",
    "ext_flash_type": "microSD",
    "ext_flash": "512",
    "cam": "1 - 13 MP/ 2- 5 MP",
    "gsm_ranges": "GSM 900, 1800, 850, 1900",
    "internet": "HSPA+, HSUPA, EDGE, E-GPRS",
    "pay": "no",
    "display_type": "IPS 1520x720",
    "display_size": "5.71",
    "nav": "GPS/A-GPS/\u0413\u043b\u043e\u043d\u0430\u0441\u0441",
    "os": "Android 9.0",
    "sim_type": "nano-SIM",
    "sim_cards": "2",
    "accum_capacity": "3020",
    "body": "Plastic, skin",
    "color": "Black",
    "dimensions": "70.7x147.1x8.4",
    "weight": "146",
    "description": "C\u0442\u0438\u043b\u044c\u043d\u043e\u0435 \u0443\u0441\u0442\u0440\u043e\u0439\u0441\u0442\u0432\u043e \u0434\u043b\u044f \u043e\u0431\u0449\u0435\u043d\u0438\u044f, \u0440\u0430\u0431\u043e\u0442\u044b \u0438 \u0440\u0430\u0437\u0432\u043b\u0435\u0447\u0435\u043d\u0438\u0439."
  }
},
{
  "model": "app_eshop.phone",
  "pk": 6,
  "fields": {
    "product": 12,
    "model": "LG K8 LTE",
    "cpu": "MediaTek MT6735",
    "cpu_cores": "4",
    "ram": "1",
    "int_flash": "16",
    "ext_flash_type": "MicroSD, MicroSDHC",
    "ext_flash": "32",
    "cam": "1 - 8 MP/ 2 - 5 MP",
    "gsm_ranges": "GSM 900, 1800, 850, 1900",
    "internet": "HSPA+, HSUPA, EDGE, E-GPRS",
    "pay": "no",
    "display_type": "1280x720 (HD)",
    "display_size": "5.00",
    "nav": "GPS/A-GP",
    "os": "Android 7.0",
    "sim_type": "nano-SIM",
    "sim_cards": "1",
    "accum_capacity": "2125",
    "body": "Plastic",
    "color": "Black",
    "dimensions": "71.5x144.6x8.7",
    "weight": "140",
    "description": "\u0421\u041a\u0410\u0416\u0418\u0422\u0415 \"\u041f\u041e\u041a\u0410\" \u041f\u041b\u041e\u0425\u0418\u041c \u0421\u0415\u041b\u0424\u0418"
  }
},
{
  "model": "app_eshop.phone",
  "pk": 7,
  "fields": {
    "product": 13,
    "model": "LG H324 Leon 4",
    "cpu": "MediaTek MT6582",
    "cpu_cores": "4",
    "ram": "4",
    "int_flash": "32",
    "ext_flash_type": "microSDHC, microSD",
    "ext_flash": "768",
    "cam": "1 - 5 MP",
    "gsm_ranges": "GSM 900, 1800, 850, 1900",
    "internet": "HSPA+, HSUPA, EDGE, E-GPRS",
    "pay": "no",
    "display_type": "IPS 854x480",
    "display_size": "4.50",
    "nav": "GPS/A-GPS",
    "os": "Android 5.0",
    "sim_type": "micro-SIM",
    "sim_cards": "2",
    "accum_capacity": "1900",
    "body": "Plastic",
    "color": "Black, Gold",
    "dimensions": "29.9x64.9x10.9",
    "weight": "135",
    "description": "\u041f\u0440\u0438\u0432\u043b\u0435\u043a\u0430\u0435\u0442 \u0432\u043d\u0438\u043c\u0430\u043d\u0438\u0435 \u0438 \u0437\u0430\u0441\u0442\u0430\u0432\u043b\u044f\u0435\u0442 \u043f\u043e\u0432\u043d\u0438\u043c\u0430\u0442\u0435\u043b\u044c\u043d\u0435\u0435 \u043f\u043e\u0437\u043d\u0430\u043a\u043e\u043c\u0438\u0442\u044c\u0441\u044f \u0441 \u0445\u0430\u0440\u0430\u043a\u0442\u0435\u0440\u0438\u0441\u0442\u0438\u043a\u0430\u043c\u0438 \u044d\u0442\u043e\u0433\u043e \u0430\u043f\u043f\u0430\u0440\u0430\u0442\u0430."
  }
},
{
  "model": "app_eshop.phone",
  "pk": 8,
  "fields": {
    "product": 1,
    "model": "Google Nexus 5",
    "cpu": "Qualcomm Snapdr",
    "cpu_cores": "4",
    "ram": "2",
    "int_flash": "32",
    "ext_flash_type": "no",
    "ext_flash": "0",
    "cam": "1 - 8 MP/ 2 - 1.3 MP",
    "gsm_ranges": "850/900/1800/1900",
    "internet": "HSPA+, HSUPA, EDGE, E-GPRS",
    "pay": "yes",
    "display_type": "IPS 1920\u00d71080",
    "display_size": "4.95",
    "nav": "GPS/A-GPS",
    "os": "Android 4.4",
    "sim_type": "micro-SIM",
    "sim_cards": "1",
    "accum_capacity": "2300",
    "body": "Plastic",
    "color": "Black",
    "dimensions": "137.84\u00d769.17\u00d78.59",
    "weight": "130",
    "description": "\u0427\u0435\u0440\u043d\u044b\u0439 \u0441\u043c\u0430\u0440\u0442\u0444\u043e\u043d Nexus 5x \u0432\u0435\u0441\u0438\u0442 \u0432\u0441\u0435\u0433\u043e 130 \u0433. \u0438 \u0438\u043c\u0435\u0435\u0442 \u043c\u043e\u0449\u043d\u0443\u044e \"\u043d\u0430\u0447\u0438\u043d\u043a\u0443\"."
  }
},
{
  "model": "app_eshop.phone",
  "pk": 9,
  "fields": {
    "product": 5,
    "model": "Nokia 8 4GB/64GB",
    "cpu": "Qualcomm MSM899",
    "cpu_cores": "8",
    "ram": "4",
    "int_flash": "64",
    "ext_flash_type": "MicroSD, MicroSDHC, MicroSDXC",
    "ext_flash": "256",
    "cam": "1 - 13 MP/ 2 - 13 MP",
    "gsm_ranges": "GSM 900, 1800, 850, 1900",
    "internet": "HSPA+, HSUPA, EDGE, E-GPRS",
    "pay": "no",
    "display_type": "2560x1440 (QHD)",
    "display_size": "5.30",
    "nav": "GPS/A-GPS",
    "os": "Android 7.1",
    "sim_type": "nano-SIM",
    "sim_cards": "2",
    "accum_capacity": "3090",
    "body": "Metal",
    "color": "Black",
    "dimensions": "151.5\u00d771.3\u00d77.9",
    "weight": "160",
    "description": "\u041f\u0435\u0440\u0432\u044b\u0439 \u0442\u0435\u043b\u0435\u0444\u043e\u043d \u0441\u043e \u0432\u0441\u0442\u0440\u043e\u0435\u043d\u043d\u043e\u0439 \u043f\u043e\u0434\u0434\u0435\u0440\u0436\u043a\u043e\u0439 \u0442\u0435\u0445\u043d\u043e\u043b\u043e\u0433\u0438\u0438 \u043e\u0431\u044a\u0435\u043c\u043d\u043e\u0433\u043e 360\u00b0 \u0437\u0432\u0443\u043a\u0430 Nokia OZO, \u043f\u043e\u0437\u0432\u043e\u043b\u044f\u044e\u0449\u0438\u0439 \u0437\u0430\u043f\u0438\u0441\u044b\u0432\u0430\u0442\u044c \u0440\u0435\u0430\u043b\u0438\u0441\u0442\u0438\u0447\u043d\u043e\u0435 \u0432\u0438\u0434\u0435\u043e \u0441 3D \u0437\u0432\u0443\u043a\u043e\u043c \u0438 \u043d\u0430\u0441\u043b\u0430\u0436\u0434\u0430\u0442\u044c\u0441\u044f \u0431\u0435\u0437\u0443\u043a\u043e\u0440\u0438\u0437\u043d\u0435\u043d\u043d\u044b\u043c \u0432\u043e\u0441\u043f\u0440\u043e\u0438\u0437\u0432\u0435\u0434\u0435\u043d\u0438\u0435\u043c."
  }
},
{
  "model": "app_eshop.phone",
  "pk": 10,
  "fields": {
    "product": 3,
    "model": "Google Pixel 2",
    "cpu": "Qualc MSM8998",
    "cpu_cores": "8",
    "ram": "4",
    "int_flash": "128",
    "ext_flash_type": "no",
    "ext_flash": "0",
    "cam": "1 - 13 MP/ 2 - 8 MP",
    "gsm_ranges": "GSM 900, 1800, 850, 1900",
    "internet": "HSPA+, HSUPA, EDGE, E-GPRS",
    "pay": "yes",
    "display_type": "Amoled 1080 x 1920",
    "display_size": "5.00",
    "nav": "GPS/A-GPS/\u0413\u043b\u043e\u043d\u0430\u0441\u0441",
    "os": "Android 9.0",
    "sim_type": "nano-SIM",
    "sim_cards": "1",
    "accum_capacity": "2700",
    "body": "Aluminum alloy",
    "color": "Black. White, Blue",
    "dimensions": "145.7\u00d769.7\u00d77.8",
    "weight": "143",
    "description": "\u0422\u0435\u043b\u0435\u0444\u043e\u043d \u0431\u0435\u0437 \u043f\u0440\u043e\u0431\u043b\u0435\u043c."
  }
},
{
  "model": "app_eshop.phone",
  "pk": 11,
  "fields": {
    "product": 15,
    "model": "Runbo F1",
    "cpu": "MediaTek MT6735",
    "cpu_cores": "4",
    "ram": "2",
    "int_flash": "16",
    "ext_flash_type": "microSDXC, microSDHC, microSD",
    "ext_flash": "128",
    "cam": "1 - 13 MP",
    "gsm_ranges": "GSM 900, 1800, 850, 1900",
    "internet": "HSPA+, HSUPA, EDGE, E-GPRS",
    "pay": "no",
    "display_type": "IPS 1920\u00d71080",
    "display_size": "5.50",
    "nav": "GPS/A-GPS/\u0413\u043b\u043e\u043d\u0430\u0441\u0441",
    "os": "Android 5.1",
    "sim_type": "micro-SIM",
    "sim_cards": "2",
    "accum_capacity": "5000",
    "body": "IP68",
    "color": "Black, Gold",
    "dimensions": "75x155x25",
    "weight": "326",
    "description": "\u0421\u0443\u0440\u043e\u0432\u044b\u0439 \u043a\u0440\u043e\u0441\u0441 \u0444\u0438\u0442!"
  }
},
{
  "model": "app_eshop.phone",
  "pk": 12,
  "fields": {
    "product": 7,
    "model": "Galaxy S8",
    "cpu": "Exynos 9 Octa",
    "cpu_cores": "8",
    "ram": "4",
    "int_flash": "64",
    "ext_flash_type": "microSD",
    "ext_flash": "256",
    "cam": "1 - 12 MP/ 2 - 8 MP",
    "gsm_ranges": "GSM 900, 1800, 850, 1900",
    "internet": "HSPA+, HSUPA, EDGE, E-GPRS",
    "pay": "yes",
    "display_type": "Amoled 1440 x 2960",
    "display_size": "5.80",
    "nav": "GPS/A-GPS/\u0413\u043b\u043e\u043d\u0430\u0441\u0441",
    "os": "Android 7.0",
    "sim_type": "nano-SIM",
    "sim_cards": "2",
    "accum_capacity": "3000",
    "body": "IP68",
    "color": "Black. White, Gold, Green",
    "dimensions": "148.0\u00d768.0\u00d78.0",
    "weight": "155",
    "description": "\u0427\u0435\u0440\u043d\u044b\u0439 \u0431\u0440\u0438\u043b\u043b\u0438\u0430\u043d\u0442!"
  }
},
{
  "model": "app_eshop.phone",
  "pk": 13,
  "fields": {
    "product": 6,
    "model": "Galaxy",
    "cpu": "Cortex-A9",
    "cpu_cores": "2",
    "ram": "1",
    "int_flash": "16",
    "ext_flash_type": "microSD",
    "ext_flash": "32",
    "cam": "1 - 8 MP/ 2 - 2 MP",
    "gsm_ranges": "GSM 900, 1800, 850, 1900",
    "internet": "HSPA, EDGE, GPRS",
    "pay": "no",
    "display_type": "Amoled 480 x 800",
    "display_size": "4.30",
    "nav": "GPS/A-GPS",
    "os": "Android 2.3.4",
    "sim_type": "Mini-SIM",
    "sim_cards": "1",
    "accum_capacity": "1650",
    "body": "Plastic",
    "color": "Black, White, Pink",
    "dimensions": "25.3 \u0425 66.1 \u0425 8.5",
    "weight": "116",
    "description": "\u041a\u043e\u0440\u0435\u0439\u0441\u043a\u043e\u0435 \u0447\u0443\u0434\u043e"
  }
},
{
  "model": "app_eshop.phone",
  "pk": 14,
  "fields": {
    "product": 17,
    "model": "VERTEX Impress Omega",
    "cpu": "MediaTek MT6580",
    "cpu_cores": "4",
    "ram": "1",
    "int_flash": "8",
    "ext_flash_type": "yes",
    "ext_flash": "32",
    "cam": "1 - 8 MP",
    "gsm_ranges": "GSM 900, 1800, 850, 1900",
    "internet": "HSPA, EDGE, GPRS",
    "pay": "no",
    "display_type": "IPS 960x540",
    "display_size": "5.50",
    "nav": "GPS/A-GPS",
    "os": "Android 5.1",
    "sim_type": "micro-SIM",
    "sim_cards": "2",
    "accum_capacity": "2100",
    "body": "Plastic",
    "color": "Black",
    "dimensions": "77x153x7.9",
    "weight": "163",
    "description": "Vertex \u0438\u0441\u043f\u043e\u043b\u044c\u0437\u0443\u044e\u0442 \u0441\u043e\u0432\u0440\u0435\u043c\u0435\u043d\u043d\u044b\u0435 \u0442\u0435\u0445\u043d\u043e\u043b\u043e\u0433\u0438\u0438 \u0438 \"\u0444\u0438\u0448\u043a\u0438\",  \u0445\u0430\u0440\u0430\u043a\u0442\u0435\u0440\u043d\u044b\u0435 \u0434\u043b\u044f \u0444\u043b\u0430\u0433\u043c\u0430\u043d\u043e\u0432"
  }
},
{
  "model": "app_eshop.phone",
  "pk": 15,
  "fields": {
    "product": 18,
    "model": "Vivo V9",
    "cpu": "Snapdragon 626",
    "cpu_cores": "8",
    "ram": "4",
    "int_flash": "64",
    "ext_flash_type": "microSD",
    "ext_flash": "256",
    "cam": "1 - 16MP + 5MP/ 2- 24 MP",
    "gsm_ranges": "GSM 900, 1800, 850, 1900",
    "internet": "HSPA+, HSUPA, EDGE, E-GPRS",
    "pay": "no",
    "display_type": "LTPS 2280\u04451080",
    "display_size": "6.30",
    "nav": "GPS/\u0413\u043b\u043e\u043d\u0430\u0441\u0441/Beidou",
    "os": "Android 8.1",
    "sim_type": "nano-SIM",
    "sim_cards": "2",
    "accum_capacity": "3260",
    "body": "Plastic",
    "color": "Black. White, Blue",
    "dimensions": "154.81\u00d775.03\u00d77.89",
    "weight": "150",
    "description": "6,3-\u0434\u044e\u0439\u043c\u043e\u0432\u044b\u0439 \u0434\u0438\u0441\u043f\u043b\u0435\u0439 \u0441 \u043c\u043e\u0434\u043d\u043e\u0439 \u0438 \u0443\u0437\u043d\u0430\u0432\u0430\u0435\u043c\u043e\u0439 \u00ab\u0447\u0451\u043b\u043a\u043e\u0439\u00bb"
  }
},
{
  "model": "app_eshop.phone",
  "pk": 16,
  "fields": {
    "product": 19,
    "model": "Xiaomi Black Shark 2",
    "cpu": "Snapdragon 855",
    "cpu_cores": "8",
    "ram": "12",
    "int_flash": "256",
    "ext_flash_type": "no",
    "ext_flash": "0",
    "cam": "1 - 48MP + 12MP/ 2- 20 MP",
    "gsm_ranges": "GSM 900/1800/1900, 3G, 4G LTE,",
    "internet": "HSPA+, HSUPA, EDGE, E-GPRS",
    "pay": "no",
    "display_type": "AMOLED, 16M",
    "display_size": "6.39",
    "nav": "GPS/\u0413\u043b\u043e\u043d\u0430\u0441\u0441/BDS",
    "os": "Android 9.0",
    "sim_type": "nano-SIM",
    "sim_cards": "2",
    "accum_capacity": "4000",
    "body": "Plastic",
    "color": "Black. Silver, Blue",
    "dimensions": "163.6 x 75 x 8.8",
    "weight": "205",
    "description": "\u041f\u0440\u043e\u0434\u0432\u0438\u043d\u0443\u0442\u044b\u0439 \u0441\u043c\u0430\u0440\u0442\u0444\u043e\u043d, \u0441\u043f\u0435\u0446\u0438\u0430\u043b\u044c\u043d\u043e \u0441\u043e\u0437\u0434\u0430\u043d\u043d\u044b\u0439 \u0434\u043b\u044f \u0433\u0435\u0439\u043c\u0435\u0440\u043e\u0432"
  }
},
{
  "model": "app_eshop.phone",
  "pk": 17,
  "fields": {
    "product": 2,
    "model": "Apple iPhone 7 32GB",
    "cpu": "A10 Fusion",
    "cpu_cores": "4",
    "ram": "2",
    "int_flash": "32",
    "ext_flash_type": "no",
    "ext_flash": "0",
    "cam": "1 - 12 MP",
    "gsm_ranges": "GSM 900/1800/1900, 3G, 4G LTE,",
    "internet": "HSPA+, HSUPA, EDGE, E-GPRS",
    "pay": "yes",
    "display_type": "IPS 1334x750",
    "display_size": "4.70",
    "nav": "GPS/A-GPS/\u0413\u043b\u043e\u043d\u0430\u0441\u0441",
    "os": "iOS 13",
    "sim_type": "nano-SIM",
    "sim_cards": "1",
    "accum_capacity": "1960",
    "body": "IP68 Metall",
    "color": "Black, White, Pink",
    "dimensions": "138.3\u00d768.7\u00d77.1",
    "weight": "138",
    "description": "\u042f\u0431\u043b\u043e\u0447\u043a\u043e"
  }
},
{
  "model": "app_eshop.phone",
  "pk": 18,
  "fields": {
    "product": 4,
    "model": "Apple iPhone X 64GB",
    "cpu": "Apple A11",
    "cpu_cores": "6",
    "ram": "3",
    "int_flash": "256",
    "ext_flash_type": "no",
    "ext_flash": "0",
    "cam": "1 - 12MP + 12MP/ 2- 7 MP",
    "gsm_ranges": "GSM 900, 1800, 850, 1900",
    "internet": "HSPA+, HSUPA, EDGE, E-GPRS",
    "pay": "yes",
    "display_type": "OLED 2436\u00d71125",
    "display_size": "5.80",
    "nav": "GPS/A-GPS/\u0413\u043b\u043e\u043d\u0430\u0441\u0441",
    "os": "iOS 13",
    "sim_type": "nano-SIM",
    "sim_cards": "1",
    "accum_capacity": "2716",
    "body": "IP68 Metall, Glass",
    "color": "Black, White, Pink",
    "dimensions": "144.0\u00d77.1\u00d77.7",
    "weight": "174",
    "description": "\u0411\u043e\u043b\u044c\u0448\u043e\u0435 \u042f\u0431\u043b\u043e\u043a\u043e"
  }
},
{
  "model": "app_eshop.phone",
  "pk": 19,
  "fields": {
    "product": 16,
    "model": "TM-5201",
    "cpu": "MT6737",
    "cpu_cores": "4",
    "ram": "1",
    "int_flash": "8",
    "ext_flash_type": "microSD, microSDHC",
    "ext_flash": "32",
    "cam": "1 - 8 MP/ 2- 5 MP",
    "gsm_ranges": "GSM 900, 1800, 850, 1900",
    "internet": "HSPA+, HSUPA, EDGE, E-GPRS",
    "pay": "no",
    "display_type": "IPS 1280x720",
    "display_size": "5.20",
    "nav": "GPS/A-GPS",
    "os": "Android 7.0",
    "sim_type": "nano-SIM",
    "sim_cards": "1",
    "accum_capacity": "3700",
    "body": "IP68",
    "color": "Black",
    "dimensions": "148x76.3x12",
    "weight": "207",
    "description": "\u041d\u0430\u0434\u0435\u0436\u043d\u044b\u0439, \u044d\u043b\u0435\u0433\u0430\u043d\u0442\u043d\u044b\u0439, \u0441\u043e\u043b\u0438\u0434\u043d\u044b\u0439"
  }
},
{
  "model": "app_eshop.cultural",
  "pk": 1,
  "fields": {
    "product": 22,
    "symbol": "\u0420\u0443\u0441\u0441\u043a\u0430\u044f \u0438 \u0413\u0435\u0440\u043c\u0430\u043d\u0441\u043a\u044f \u043a\u0443\u043b\u044c\u0442\u0443\u0440\u044b",
    "rarity": "\u0421\u0421\u0421\u0420 1935 \u0433.",
    "description": "\u042f \u043f\u043e\u0435\u0434\u0443 \u0432 \u0433\u043e\u0440\u043e\u0434 \u0428\u0443\u044e\r\n\u0418 \u043a\u0443\u043f\u043b\u044e \u0433\u0430\u0440\u043c\u043e\u043d\u044c \u0431\u043e\u043b\u044c\u0448\u0443\u044e,\r\n\u041a\u0430\u043a \u043f\u0440\u0438\u0435\u0434\u0443 \u043d\u0430 \u0441\u0435\u043b\u043e\r\n\u0417\u0430\u0438\u0433\u0440\u0430\u044e \u0432\u0435\u0441\u0435\u043b\u043e."
  }
},
{
  "model": "app_eshop.cultural",
  "pk": 2,
  "fields": {
    "product": 21,
    "symbol": "\u0420\u0443\u0441\u0441\u043a\u0430\u044f \u043a\u0443\u043b\u044c\u0442\u0443\u0440\u0430",
    "rarity": "\u0420\u0430\u0440\u0438\u0442\u0435\u0442",
    "description": "\u0421\u0430\u043c\u044b\u0439 \u0438\u0437\u0432\u0435\u0441\u0442\u043d\u044b\u0439 \u043d\u0430\u0440\u043e\u0434\u043d\u044b\u0439 \u043c\u0443\u0437\u044b\u043a\u0430\u043b\u044c\u043d\u044b\u0439 \u0438\u043d\u0441\u0442\u0440\u0443\u043c\u0435\u043d\u0442"
  }
},
{
  "model": "app_eshop.miscellaneous",
  "pk": 1,
  "fields": {
    "product": 23,
    "description": "\u0424\u0443\u0444\u0430\u0439\u043a\u0430 (\u043d\u0438\u0436\u043d\u044f\u044f \u0440\u0443\u0431\u0430\u0448\u043a\u0430) - \u0432 \u043e\u0441\u043d\u043e\u0432\u043d\u043e\u043c \u0442\u0435\u043f\u043b\u043e\u0435 \u043d\u0438\u0436\u043d\u0435\u0435 \u0431\u0435\u043b\u044c\u0435, \u043f\u043e\u043a\u0440\u044b\u0432\u0430\u044e\u0449\u0435\u0435 \u0442\u0443\u043b\u043e\u0432\u0438\u0449\u0435 \u0438 \u0440\u0443\u043a\u0438 (\u044d\u0442\u043e \u0441\u043e\u0432\u0440\u0435\u043c\u0435\u043d\u043d\u043e\u0435 \u0437\u043d\u0430\u0447\u0435\u043d\u0438\u0435 \u044d\u0442\u043e\u0433\u043e \u0441\u043b\u043e\u0432\u0430 \u0441\u0430\u043c\u043e\u0435 \u0434\u0440\u0435\u0432\u043d\u0435\u0435, \u0432\u043e\u0441\u0445\u043e\u0434\u0438\u0442 \u043a\u0430\u043a \u043c\u0438\u043d\u0438\u043c\u0443\u043c \u043a XVIII \u0432\u0435\u043a\u0443, \u043d\u0435 \u043f\u043e\u0437\u0434\u043d\u0435\u0435 1765 \u0433\u043e\u0434\u0430)."
  }
},
{
  "model": "app_eshop.miscellaneous",
  "pk": 2,
  "fields": {
    "product": 24,
    "description": "\u0418\u0441\u0442\u043e\u0440\u0438\u044f \u043f\u043e\u044f\u0432\u043b\u0435\u043d\u0438\u044f \u0432\u0430\u0442\u043d\u0438\u043a\u0430 \u043d\u0430\u0441\u0447\u0438\u0442\u044b\u0432\u0430\u0435\u0442 \u0443\u0436\u0435 \u043c\u043d\u043e\u0436\u0435\u0441\u0442\u0432\u043e \u0432\u0435\u043a\u043e\u0432. \u041d\u0430\u043f\u0440\u0438\u043c\u0435\u0440, \u043d\u0435\u0447\u0442\u043e \u043f\u043e\u0434\u043e\u0431\u043d\u043e\u0435 \u0441\u0442\u0435\u0433\u0430\u043d\u043e\u043c\u0443 \u0432\u0430\u0442\u043d\u0438\u043a\u0443 \u0441\u0443\u0449\u0435\u0441\u0442\u0432\u043e\u0432\u0430\u043b\u043e \u0435\u0449\u0435 \u0432 11 \u0432\u0435\u043a\u0435 \u2013 \u044d\u0442\u043e \u043a\u0430\u0431\u0430\u0434\u0438\u043e\u043d, \u0438\u043b\u0438 \u00ab\u043b\u044c\u043d\u044f\u043d\u043e\u0439 \u043f\u0430\u043d\u0446\u0438\u0440\u044c\u00bb, \u043a\u0443\u0440\u0442\u043a\u0430 \u0438\u0437 \u043c\u043d\u043e\u0436\u0435\u0441\u0442\u0432\u0430 \u043f\u0440\u043e\u0441\u0442\u0435\u0433\u0430\u043d\u043d\u044b\u0445 \u0441\u043b\u043e\u0435\u0432 \u0432\u043e\u0439\u043b\u043e\u043a\u0430 \u0438\u043b\u0438 \u043b\u044c\u043d\u0430."
  }
},
{
  "model": "app_eshop.miscellaneous",
  "pk": 3,
  "fields": {
    "product": 25,
    "description": "\u0412\u043e\u0434\u043a\u0430 \u0432 \u0441\u0442\u0430\u043a\u0430\u043d\u0435,\r\n\u0412 \u0431\u043e\u0440\u0449\u0435 \u043a\u0430\u043f\u0443\u0441\u0442\u0430.\r\n\u041f\u043b\u0435\u0434 \u043d\u0430 \u0434\u0438\u0432\u0430\u043d\u0435,\r\n\u041d\u0430 \u0441\u0435\u0440\u0434\u0446\u0435 \u043f\u0443\u0441\u0442\u043e.\r\n..."
  }
},
{
  "model": "app_eshop.miscellaneous",
  "pk": 4,
  "fields": {
    "product": 20,
    "description": "\u0411\u043e\u043b\u044c\u0448\u043e\u0439 \u043f\u043e\u0441\u0442\u0435\u0440 300 x 200 (\u0441\u043c)"
  }
},
{
  "model": "app_eshop.productsincart",
  "pk": 1,
  "fields": {
    "cart": 3,
    "product": 1,
    "quantity": "2"
  }
},
{
  "model": "app_eshop.productsincart",
  "pk": 2,
  "fields": {
    "cart": 4,
    "product": 1,
    "quantity": "2"
  }
},
{
  "model": "app_eshop.productsincart",
  "pk": 3,
  "fields": {
    "cart": 4,
    "product": 2,
    "quantity": "2"
  }
},
{
  "model": "app_eshop.productsincart",
  "pk": 4,
  "fields": {
    "cart": 4,
    "product": 3,
    "quantity": "2"
  }
},
{
  "model": "app_eshop.productsincart",
  "pk": 5,
  "fields": {
    "cart": 4,
    "product": 18,
    "quantity": "1"
  }
},
{
  "model": "app_eshop.productsincart",
  "pk": 6,
  "fields": {
    "cart": 4,
    "product": 5,
    "quantity": "1"
  }
},
{
  "model": "app_eshop.productsincart",
  "pk": 7,
  "fields": {
    "cart": 5,
    "product": 1,
    "quantity": "2"
  }
},
{
  "model": "app_eshop.productsincart",
  "pk": 8,
  "fields": {
    "cart": 5,
    "product": 2,
    "quantity": "2"
  }
},
{
  "model": "app_eshop.productsincart",
  "pk": 9,
  "fields": {
    "cart": 5,
    "product": 3,
    "quantity": "2"
  }
},
{
  "model": "app_eshop.productsincart",
  "pk": 10,
  "fields": {
    "cart": 5,
    "product": 18,
    "quantity": "1"
  }
},
{
  "model": "app_eshop.productsincart",
  "pk": 11,
  "fields": {
    "cart": 5,
    "product": 5,
    "quantity": "1"
  }
},
{
  "model": "app_eshop.productsincart",
  "pk": 12,
  "fields": {
    "cart": 6,
    "product": 1,
    "quantity": "2"
  }
},
{
  "model": "app_eshop.productsincart",
  "pk": 13,
  "fields": {
    "cart": 6,
    "product": 2,
    "quantity": "2"
  }
},
{
  "model": "app_eshop.productsincart",
  "pk": 14,
  "fields": {
    "cart": 6,
    "product": 3,
    "quantity": "2"
  }
},
{
  "model": "app_eshop.productsincart",
  "pk": 15,
  "fields": {
    "cart": 6,
    "product": 18,
    "quantity": "1"
  }
},
{
  "model": "app_eshop.productsincart",
  "pk": 16,
  "fields": {
    "cart": 6,
    "product": 5,
    "quantity": "1"
  }
},
{
  "model": "app_eshop.productsincart",
  "pk": 17,
  "fields": {
    "cart": 6,
    "product": 17,
    "quantity": "1"
  }
},
{
  "model": "app_eshop.productsincart",
  "pk": 18,
  "fields": {
    "cart": 7,
    "product": 1,
    "quantity": "2"
  }
},
{
  "model": "app_eshop.productsincart",
  "pk": 19,
  "fields": {
    "cart": 7,
    "product": 2,
    "quantity": "2"
  }
},
{
  "model": "app_eshop.productsincart",
  "pk": 20,
  "fields": {
    "cart": 7,
    "product": 3,
    "quantity": "2"
  }
},
{
  "model": "app_eshop.productsincart",
  "pk": 21,
  "fields": {
    "cart": 7,
    "product": 18,
    "quantity": "1"
  }
},
{
  "model": "app_eshop.productsincart",
  "pk": 22,
  "fields": {
    "cart": 7,
    "product": 5,
    "quantity": "1"
  }
},
{
  "model": "app_eshop.productsincart",
  "pk": 23,
  "fields": {
    "cart": 7,
    "product": 17,
    "quantity": "1"
  }
},
{
  "model": "app_eshop.productsincart",
  "pk": 24,
  "fields": {
    "cart": 7,
    "product": 25,
    "quantity": "1"
  }
},
{
  "model": "app_eshop.productsincart",
  "pk": 25,
  "fields": {
    "cart": 8,
    "product": 1,
    "quantity": "2"
  }
},
{
  "model": "app_eshop.productsincart",
  "pk": 26,
  "fields": {
    "cart": 8,
    "product": 2,
    "quantity": "2"
  }
},
{
  "model": "app_eshop.productsincart",
  "pk": 27,
  "fields": {
    "cart": 8,
    "product": 3,
    "quantity": "2"
  }
},
{
  "model": "app_eshop.productsincart",
  "pk": 28,
  "fields": {
    "cart": 8,
    "product": 18,
    "quantity": "1"
  }
},
{
  "model": "app_eshop.productsincart",
  "pk": 29,
  "fields": {
    "cart": 8,
    "product": 5,
    "quantity": "1"
  }
},
{
  "model": "app_eshop.productsincart",
  "pk": 30,
  "fields": {
    "cart": 8,
    "product": 17,
    "quantity": "1"
  }
},
{
  "model": "app_eshop.productsincart",
  "pk": 31,
  "fields": {
    "cart": 8,
    "product": 25,
    "quantity": "1"
  }
},
{
  "model": "app_eshop.productsincart",
  "pk": 32,
  "fields": {
    "cart": 9,
    "product": 1,
    "quantity": "4"
  }
},
{
  "model": "app_eshop.productsincart",
  "pk": 33,
  "fields": {
    "cart": 9,
    "product": 2,
    "quantity": "2"
  }
},
{
  "model": "app_eshop.productsincart",
  "pk": 34,
  "fields": {
    "cart": 9,
    "product": 3,
    "quantity": "2"
  }
},
{
  "model": "app_eshop.productsincart",
  "pk": 35,
  "fields": {
    "cart": 9,
    "product": 18,
    "quantity": "3"
  }
},
{
  "model": "app_eshop.productsincart",
  "pk": 36,
  "fields": {
    "cart": 9,
    "product": 5,
    "quantity": "2"
  }
},
{
  "model": "app_eshop.productsincart",
  "pk": 37,
  "fields": {
    "cart": 9,
    "product": 17,
    "quantity": "2"
  }
},
{
  "model": "app_eshop.productsincart",
  "pk": 38,
  "fields": {
    "cart": 9,
    "product": 25,
    "quantity": "4"
  }
},
{
  "model": "app_eshop.productsincart",
  "pk": 39,
  "fields": {
    "cart": 9,
    "product": 19,
    "quantity": "1"
  }
},
{
  "model": "app_eshop.productsincart",
  "pk": 40,
  "fields": {
    "cart": 9,
    "product": 21,
    "quantity": "1"
  }
},
{
  "model": "app_eshop.productsincart",
  "pk": 41,
  "fields": {
    "cart": 10,
    "product": 1,
    "quantity": "4"
  }
},
{
  "model": "app_eshop.productsincart",
  "pk": 42,
  "fields": {
    "cart": 10,
    "product": 2,
    "quantity": "2"
  }
},
{
  "model": "app_eshop.productsincart",
  "pk": 43,
  "fields": {
    "cart": 10,
    "product": 3,
    "quantity": "2"
  }
},
{
  "model": "app_eshop.productsincart",
  "pk": 44,
  "fields": {
    "cart": 10,
    "product": 18,
    "quantity": "3"
  }
},
{
  "model": "app_eshop.productsincart",
  "pk": 45,
  "fields": {
    "cart": 10,
    "product": 5,
    "quantity": "2"
  }
},
{
  "model": "app_eshop.productsincart",
  "pk": 46,
  "fields": {
    "cart": 10,
    "product": 17,
    "quantity": "2"
  }
},
{
  "model": "app_eshop.productsincart",
  "pk": 47,
  "fields": {
    "cart": 10,
    "product": 25,
    "quantity": "4"
  }
},
{
  "model": "app_eshop.productsincart",
  "pk": 48,
  "fields": {
    "cart": 10,
    "product": 19,
    "quantity": "1"
  }
},
{
  "model": "app_eshop.productsincart",
  "pk": 49,
  "fields": {
    "cart": 10,
    "product": 21,
    "quantity": "1"
  }
},
{
  "model": "app_eshop.productsincart",
  "pk": 50,
  "fields": {
    "cart": 10,
    "product": 22,
    "quantity": "1"
  }
},
{
  "model": "app_eshop.productsincart",
  "pk": 51,
  "fields": {
    "cart": 11,
    "product": 1,
    "quantity": "4"
  }
},
{
  "model": "app_eshop.productsincart",
  "pk": 52,
  "fields": {
    "cart": 11,
    "product": 2,
    "quantity": "2"
  }
},
{
  "model": "app_eshop.productsincart",
  "pk": 53,
  "fields": {
    "cart": 11,
    "product": 3,
    "quantity": "2"
  }
},
{
  "model": "app_eshop.productsincart",
  "pk": 54,
  "fields": {
    "cart": 11,
    "product": 18,
    "quantity": "3"
  }
},
{
  "model": "app_eshop.productsincart",
  "pk": 55,
  "fields": {
    "cart": 11,
    "product": 5,
    "quantity": "2"
  }
},
{
  "model": "app_eshop.productsincart",
  "pk": 56,
  "fields": {
    "cart": 11,
    "product": 17,
    "quantity": "2"
  }
},
{
  "model": "app_eshop.productsincart",
  "pk": 57,
  "fields": {
    "cart": 11,
    "product": 25,
    "quantity": "4"
  }
},
{
  "model": "app_eshop.productsincart",
  "pk": 58,
  "fields": {
    "cart": 11,
    "product": 19,
    "quantity": "1"
  }
},
{
  "model": "app_eshop.productsincart",
  "pk": 59,
  "fields": {
    "cart": 11,
    "product": 21,
    "quantity": "1"
  }
},
{
  "model": "app_eshop.productsincart",
  "pk": 60,
  "fields": {
    "cart": 11,
    "product": 22,
    "quantity": "1"
  }
},
{
  "model": "app_eshop.productsincart",
  "pk": 61,
  "fields": {
    "cart": 12,
    "product": 1,
    "quantity": "4"
  }
},
{
  "model": "app_eshop.productsincart",
  "pk": 62,
  "fields": {
    "cart": 12,
    "product": 2,
    "quantity": "2"
  }
},
{
  "model": "app_eshop.productsincart",
  "pk": 63,
  "fields": {
    "cart": 12,
    "product": 3,
    "quantity": "2"
  }
},
{
  "model": "app_eshop.productsincart",
  "pk": 64,
  "fields": {
    "cart": 12,
    "product": 18,
    "quantity": "3"
  }
},
{
  "model": "app_eshop.productsincart",
  "pk": 65,
  "fields": {
    "cart": 12,
    "product": 5,
    "quantity": "2"
  }
},
{
  "model": "app_eshop.productsincart",
  "pk": 66,
  "fields": {
    "cart": 12,
    "product": 17,
    "quantity": "2"
  }
},
{
  "model": "app_eshop.productsincart",
  "pk": 67,
  "fields": {
    "cart": 12,
    "product": 25,
    "quantity": "4"
  }
},
{
  "model": "app_eshop.productsincart",
  "pk": 68,
  "fields": {
    "cart": 12,
    "product": 19,
    "quantity": "1"
  }
},
{
  "model": "app_eshop.productsincart",
  "pk": 69,
  "fields": {
    "cart": 12,
    "product": 21,
    "quantity": "1"
  }
},
{
  "model": "app_eshop.productsincart",
  "pk": 70,
  "fields": {
    "cart": 12,
    "product": 22,
    "quantity": "1"
  }
},
{
  "model": "app_eshop.productsincart",
  "pk": 71,
  "fields": {
    "cart": 13,
    "product": 1,
    "quantity": "4"
  }
},
{
  "model": "app_eshop.productsincart",
  "pk": 72,
  "fields": {
    "cart": 13,
    "product": 2,
    "quantity": "2"
  }
},
{
  "model": "app_eshop.productsincart",
  "pk": 73,
  "fields": {
    "cart": 13,
    "product": 3,
    "quantity": "2"
  }
},
{
  "model": "app_eshop.productsincart",
  "pk": 74,
  "fields": {
    "cart": 13,
    "product": 18,
    "quantity": "3"
  }
},
{
  "model": "app_eshop.productsincart",
  "pk": 75,
  "fields": {
    "cart": 13,
    "product": 5,
    "quantity": "2"
  }
},
{
  "model": "app_eshop.productsincart",
  "pk": 76,
  "fields": {
    "cart": 13,
    "product": 17,
    "quantity": "3"
  }
},
{
  "model": "app_eshop.productsincart",
  "pk": 77,
  "fields": {
    "cart": 13,
    "product": 25,
    "quantity": "4"
  }
},
{
  "model": "app_eshop.productsincart",
  "pk": 78,
  "fields": {
    "cart": 13,
    "product": 19,
    "quantity": "1"
  }
},
{
  "model": "app_eshop.productsincart",
  "pk": 79,
  "fields": {
    "cart": 13,
    "product": 21,
    "quantity": "1"
  }
},
{
  "model": "app_eshop.productsincart",
  "pk": 80,
  "fields": {
    "cart": 13,
    "product": 22,
    "quantity": "1"
  }
},
{
  "model": "app_eshop.productsincart",
  "pk": 81,
  "fields": {
    "cart": 14,
    "product": 22,
    "quantity": "1"
  }
},
{
  "model": "app_eshop.productsincart",
  "pk": 82,
  "fields": {
    "cart": 15,
    "product": 21,
    "quantity": "1"
  }
},
{
  "model": "app_eshop.productsincart",
  "pk": 83,
  "fields": {
    "cart": 16,
    "product": 18,
    "quantity": "1"
  }
},
{
  "model": "app_eshop.productsincart",
  "pk": 84,
  "fields": {
    "cart": 17,
    "product": 24,
    "quantity": "1"
  }
},
{
  "model": "app_eshop.productsincart",
  "pk": 85,
  "fields": {
    "cart": 19,
    "product": 23,
    "quantity": "1"
  }
},
{
  "model": "app_eshop.productsincart",
  "pk": 86,
  "fields": {
    "cart": 19,
    "product": 25,
    "quantity": "1"
  }
},
{
  "model": "app_eshop.productsincart",
  "pk": 87,
  "fields": {
    "cart": 20,
    "product": 18,
    "quantity": "1"
  }
},
{
  "model": "app_eshop.productsincart",
  "pk": 88,
  "fields": {
    "cart": 21,
    "product": 10,
    "quantity": "1"
  }
},
{
  "model": "app_articles.article",
  "pk": 1,
  "fields": {
    "section": 1,
    "title": "\u0410 \u044f\u0431\u043b\u043e\u0447\u043a\u0438 \u0443 \u0432\u0430\u0441 \u0445\u043e\u0440\u043e\u0448\u0438\u0435?",
    "text": "\u0415\u0441\u043b\u0438 \u043c\u044b \u043f\u043b\u0430\u043d\u0438\u0440\u0443\u0435\u043c \u043f\u043e\u043a\u0443\u043f\u043a\u0443 \u0443\u0441\u0442\u0440\u043e\u0439\u0441\u0442\u0432\u0430 \u0444\u0438\u0440\u043c\u044b Apple, \u043c\u044b \u0434\u043e\u043b\u0436\u043d\u044b \u044f\u0441\u043d\u043e \u0441\u0435\u0431\u0435 \u043f\u0440\u0435\u0434\u0441\u0442\u0430\u0432\u043b\u044f\u0442\u044c, \u043a\u0430\u043a\u0430\u044f \u043e\u0442 \u043d\u0435\u0433\u043e \u0431\u0443\u0434\u0435\u0442 \u043f\u043e\u043b\u044c\u0437\u0430. \u0412\u043e\u043e\u0431\u0449\u0435 \u043c\u0430\u043b\u043e \u043a\u0442\u043e \u0438\u0437 \u043f\u043e\u043b\u044c\u0437\u043e\u0432\u0430\u0442\u0435\u043b\u0435\u0439 \u0434\u0435\u0439\u0441\u0442\u0432\u0438\u0442\u0435\u043b\u044c\u043d\u043e \u043e\u0441\u043e\u0437\u043d\u0430\u0451\u0442 \u0446\u0435\u043d\u043d\u043e\u0441\u0442\u044c \u0434\u0430\u043d\u043d\u043e\u0433\u043e \u043c\u043e\u0431\u0438\u043b\u044c\u043d\u043e\u0433\u043e \u0430\u043f\u043f\u0430\u0440\u0430\u0442\u0430.\r\n\u0422\u0430\u043a\u043e\u0439 \u0433\u0430\u0434\u0436\u0435\u0442, \u043a\u0430\u043a iPhone, \u0431\u044b\u043b \u0440\u0430\u0437\u0440\u0430\u0431\u043e\u0442\u0430\u043d \u043a\u043e\u043c\u043f\u0430\u043d\u0438\u0435\u0439 Apple. \u041e\u043d\u043e \u0440\u0430\u0431\u043e\u0442\u0430\u0435\u0442 \u043d\u0430 \u0431\u0430\u0437\u0435 \u043f\u043b\u0430\u0442\u0444\u043e\u0440\u043c\u044b iOS, \u043a\u043e\u0442\u043e\u0440\u0430\u044f \u0441\u0447\u0438\u0442\u0430\u0435\u0442\u0441\u044f \u043e\u0434\u043d\u043e\u0439 \u0438\u0437 \u0441\u0430\u043c\u044b\u0445 \u043d\u0430\u0434\u0451\u0436\u043d\u044b\u0445 \u043e\u043f\u0435\u0440\u0430\u0446\u0438\u043e\u043d\u043d\u044b\u0445 \u0441\u0438\u0441\u0442\u0435\u043c. \r\n\r\n\u041d\u0435\u0441\u043e\u043c\u043d\u0435\u043d\u043d\u043e, \u0430\u0439\u0444\u043e\u043d \u043c\u043e\u0436\u043d\u043e \u043d\u0430\u0437\u0432\u0430\u0442\u044c \u043d\u0430\u0438\u0431\u043e\u043b\u0435\u0435 \u043f\u043e\u043f\u0443\u043b\u044f\u0440\u043d\u044b\u043c \u0441\u043c\u0430\u0440\u0442\u0444\u043e\u043d\u043e\u043c \u0432 \u043c\u0438\u0440\u0435. \u041e\u043d \u043f\u043e\u0437\u0432\u043e\u043b\u044f\u0435\u0442 \u043f\u0440\u0438\u043d\u0438\u043c\u0430\u0442\u044c \u0438 \u0441\u043e\u0432\u0435\u0440\u0448\u0430\u0442\u044c \u0437\u0432\u043e\u043d\u043a\u0438, \u043e\u0442\u043f\u0440\u0430\u0432\u043b\u044f\u0442\u044c \u0438 \u043f\u043e\u043b\u0443\u0447\u0430\u0442\u044c SMS \u0438 MMS \u0441\u043e\u043e\u0431\u0449\u0435\u043d\u0438\u044f, \u043f\u043e\u043b\u044c\u0437\u043e\u0432\u0430\u0442\u044c\u0441\u044f \u0433\u043e\u043b\u043e\u0441\u043e\u0432\u043e\u0439 \u043f\u043e\u0447\u0442\u043e\u0439, \u0444\u0443\u043d\u043a\u0446\u0438\u0435\u0439 FaceTime, Bluetooth, \u0430 \u0442\u0430\u043a\u0436\u0435 \u043f\u0440\u043e\u0441\u043c\u0430\u0442\u0440\u0438\u0432\u0430\u0442\u044c \u0432\u0438\u0434\u0435\u043e, \u043f\u0440\u043e\u0441\u043b\u0443\u0448\u0438\u0432\u0430\u0442\u044c \u043c\u0443\u0437\u044b\u043a\u0443, \u0441\u043d\u0438\u043c\u0430\u0442\u044c \u0444\u043e\u0442\u043e\u0433\u0440\u0430\u0444\u0438\u0438 \u0438 \u0432\u0438\u0434\u0435\u043e\u0440\u043e\u043b\u0438\u043a\u0438. \u0421 \u0443\u0441\u0442\u0440\u043e\u0439\u0441\u0442\u0432\u0430 \u0443\u0434\u043e\u0431\u043d\u043e \u0432\u044b\u0445\u043e\u0434\u0438\u0442\u044c \u0432 \u0418\u043d\u0442\u0435\u0440\u043d\u0435\u0442. \u041a\u0440\u043e\u043c\u0435 \u0442\u043e\u0433\u043e, \u0434\u043e\u0441\u0442\u0443\u043f\u043d\u043e \u043d\u0435\u0441\u043a\u043e\u043b\u044c\u043a\u043e \u043f\u0440\u0438\u043b\u043e\u0436\u0435\u043d\u0438\u0439 \u043f\u043e \u043d\u0430\u0432\u0438\u0433\u0430\u0446\u0438\u0438.\r\n\r\n\u042d\u0442\u043e\u0442 \u0441\u043c\u0430\u0440\u0442\u0444\u043e\u043d \u043e\u0441\u0442\u0430\u0451\u0442\u0441\u044f \u0432\u0435\u0441\u044c\u043c\u0430 \u043f\u043e\u043f\u0443\u043b\u044f\u0440\u043d\u044b\u043c \u0438 \u0441\u0435\u0433\u043e\u0434\u043d\u044f, \u0434\u0430\u0436\u0435 \u043d\u0435\u0441\u043c\u043e\u0442\u0440\u044f \u043d\u0430 \u0435\u0433\u043e \u0432\u044b\u0441\u043e\u043a\u0443\u044e \u0441\u0442\u043e\u0438\u043c\u043e\u0441\u0442\u044c. \u0412 \u0447\u0438\u0441\u043b\u0435 \u0435\u0433\u043e \u0433\u043b\u0430\u0432\u043d\u044b\u0445 \u0434\u043e\u0441\u0442\u043e\u0438\u043d\u0441\u0442\u0432: \u0437\u043d\u0430\u0447\u0438\u0442\u0435\u043b\u044c\u043d\u044b\u0439 \u043e\u0431\u044a\u0451\u043c \u043f\u0430\u043c\u044f\u0442\u0438, \u043d\u0430\u043b\u0438\u0447\u0438\u0435 iTunes \u0438 \u043c\u043d\u043e\u0433\u043e\u0435 \u0434\u0440\u0443\u0433\u043e\u0435. \u041f\u043e \u0441\u0443\u0442\u0438, iPhone \u2013 \u043d\u0430\u0441\u0442\u043e\u044f\u0449\u0438\u0439 \u043f\u043e\u0440\u0442\u0430\u0442\u0438\u0432\u043d\u044b\u0439 \u043a\u043e\u043c\u043f\u044c\u044e\u0442\u0435\u0440, \u043a\u0443\u0434\u0430 \u043b\u0435\u0433\u043a\u043e \u043c\u043e\u0436\u043d\u043e \u0441\u043a\u0430\u0447\u0430\u0442\u044c \u0434\u0435\u0441\u044f\u0442\u043e\u043a \u0444\u0438\u043b\u044c\u043c\u043e\u0432, \u043d\u0435 \u0433\u043e\u0432\u043e\u0440\u044f \u0443\u0436\u0435 \u043e \u0431\u043e\u043b\u044c\u0448\u043e\u043c \u043a\u043e\u043b\u0438\u0447\u0435\u0441\u0442\u0432\u0435 \u0438\u0437\u043e\u0431\u0440\u0430\u0436\u0435\u043d\u0438\u0439 \u0438 \u043c\u0443\u0437\u044b\u043a\u0438. \u041e\u0442\u043c\u0435\u0442\u0438\u043c, \u0447\u0442\u043e \u043e\u043d \u0441\u043f\u0435\u0446\u0438\u0430\u043b\u044c\u043d\u043e \u00ab\u0437\u0430\u0442\u043e\u0447\u0435\u043d\u00bb \u0434\u043b\u044f \u0440\u0430\u0431\u043e\u0442\u044b \u0432 \u0441\u0435\u0442\u0438. \r\n\r\n\u041a \u043f\u0440\u0438\u043c\u0435\u0440\u0443, \u0443 \u0441\u043c\u0430\u0440\u0442\u0444\u043e\u043d\u0430 \u0438\u043c\u0435\u0435\u0442\u0441\u044f \u043f\u043e\u043b\u043d\u043e\u0446\u0435\u043d\u043d\u044b\u0439 \u0431\u0440\u0430\u0443\u0437\u0435\u0440, \u0430 \u0442\u0430\u043a\u0436\u0435 \u0441\u0435\u043d\u0441\u043e\u0440\u043d\u044b\u0439 \u044d\u043a\u0440\u0430\u043d \u0434\u043e\u0441\u0442\u0430\u0442\u043e\u0447\u043d\u044b\u0445 \u0440\u0430\u0437\u043c\u0435\u0440\u043e\u0432. \u0411\u043b\u0430\u0433\u043e\u0434\u0430\u0440\u044f \u044d\u0442\u043e\u043c\u0443 \u0435\u0433\u043e \u0432\u043b\u0430\u0434\u0435\u043b\u044c\u0446\u0443 \u0431\u0443\u0434\u0435\u0442 \u0443\u0434\u043e\u0431\u043d\u043e \u0441\u043b\u0435\u0434\u0438\u0442\u044c \u0437\u0430 \u043d\u043e\u0432\u043e\u0441\u0442\u044f\u043c\u0438 \u0438 \u043f\u043e\u043b\u044c\u0437\u043e\u0432\u0430\u0442\u044c\u0441\u044f \u0441\u043e\u0446\u0438\u0430\u043b\u044c\u043d\u044b\u043c\u0438 \u0441\u0435\u0442\u044f\u043c\u0438. \u0422\u0435\u043c \u043d\u0435 \u043c\u0435\u043d\u0435\u0435, \u043f\u043b\u0430\u0442\u0444\u043e\u0440\u043c\u0430 \u0430\u043d\u0434\u0440\u043e\u0438\u0434\u0430 \u043f\u0440\u0435\u0434\u043e\u0441\u0442\u0430\u0432\u043b\u044f\u0435\u0442 \u043d\u0438\u0447\u0443\u0442\u044c \u043d\u0435 \u043c\u0435\u043d\u044c\u0448\u0435 \u0432\u043e\u0437\u043c\u043e\u0436\u043d\u043e\u0441\u0442\u0435\u0439.\r\n\r\n\r\n\u0423 \u0441\u043c\u0430\u0440\u0442\u0444\u043e\u043d\u0430 \u043f\u043e\u0434 \u0443\u043f\u0440\u0430\u0432\u043b\u0435\u043d\u0438\u0435\u043c iOS \u0438\u043c\u0435\u0435\u0442\u0441\u044f \u0430\u043a\u0441\u0435\u043b\u0435\u0440\u043e\u043c\u0435\u0442\u0440. \u041d\u0430\u043b\u0438\u0447\u0438\u0435 \u044d\u0442\u043e\u0439 \u0444\u0443\u043d\u043a\u0446\u0438\u0438 \u043f\u043e\u0434\u0440\u0430\u0437\u0443\u043c\u0435\u0432\u0430\u0435\u0442 \u043f\u043e\u0432\u043e\u0440\u043e\u0442 \u0438\u0437\u043e\u0431\u0440\u0430\u0436\u0435\u043d\u0438\u044f \u043f\u0440\u0438 \u043f\u043e\u0432\u043e\u0440\u043e\u0442\u0435 \u043a\u043e\u0440\u043f\u0443\u0441\u0430. \u0412 \u0443\u0441\u0442\u0440\u043e\u0439\u0441\u0442\u0432\u043e \u0442\u0430\u043a\u0436\u0435 \u0432\u0441\u0442\u0440\u043e\u0435\u043d \u043f\u043e\u043b\u043d\u043e\u0446\u0435\u043d\u043d\u044b\u0439 \u043f\u043b\u0435\u0435\u0440 iPod (\u043a\u043e\u0442\u043e\u0440\u044b\u0439 \u043c\u043e\u0436\u043d\u043e \u043f\u0440\u0438\u043e\u0431\u0440\u0435\u0441\u0442\u0438 \u0438 \u043a\u0430\u043a \u043e\u0442\u0434\u0435\u043b\u044c\u043d\u043e\u0435 \u0443\u0441\u0442\u0440\u043e\u0439\u0441\u0442\u0432\u043e). \u0421\u0440\u0435\u0434\u0438 \u0434\u0440\u0443\u0433\u0438\u0445 \u043f\u043e\u043b\u0435\u0437\u043d\u044b\u0445 \u0441\u0432\u043e\u0439\u0441\u0442\u0432 \u043c\u043e\u0436\u043d\u043e \u0432\u044b\u0434\u0435\u043b\u0438\u0442\u044c \u0441\u0438\u043d\u0445\u0440\u043e\u043d\u0438\u0437\u0430\u0446\u0438\u044e \u0438 \u0440\u0430\u0431\u043e\u0442\u0443 \u0432 \u043c\u0435\u0434\u0438\u0430\u0442\u0435\u043a\u0435 iTunes. \r\n\r\n\u0415\u0441\u043b\u0438 \u043c\u044b \u0436\u0435\u043b\u0430\u0435\u043c \u043f\u0440\u0438\u043e\u0431\u0440\u0435\u0441\u0442\u0438 iPhone \u0438 \u043d\u0435 \u043e\u0433\u0440\u0430\u043d\u0438\u0447\u0435\u043d\u044b \u0432 \u043c\u0430\u0442\u0435\u0440\u0438\u0430\u043b\u044c\u043d\u044b\u0445 \u0441\u0440\u0435\u0434\u0441\u0442\u0432\u0430\u0445, \u0441\u043b\u0435\u0434\u0443\u0435\u0442 \u0437\u0430\u0434\u0443\u043c\u0430\u0442\u044c\u0441\u044f \u043e \u0442\u043e\u043c, \u043d\u0430\u0441\u043a\u043e\u043b\u044c\u043a\u043e \u043d\u0430\u043c \u043d\u0443\u0436\u043d\u044b \u0432\u0441\u0435 \u0432\u044b\u0448\u0435\u0443\u043f\u043e\u043c\u044f\u043d\u0443\u0442\u044b\u0435 \u0444\u0443\u043d\u043a\u0446\u0438\u0438. \u042d\u0442\u0438\u043c \u0441\u043c\u0430\u0440\u0442\u0444\u043e\u043d\u043e\u043c \u043c\u043e\u0436\u043d\u043e \u0431\u0443\u0434\u0435\u0442 \u043f\u043e\u043b\u044c\u0437\u043e\u0432\u0430\u0442\u044c\u0441\u044f \u043a\u0430\u043a \u043a\u043e\u043c\u043f\u0430\u0441\u043e\u043c \u0438\u043b\u0438 \u043d\u0430\u0432\u0438\u0433\u0430\u0442\u043e\u0440\u043e\u043c, \u0438 \u0430\u043a\u043a\u0443\u043c\u0443\u043b\u044f\u0442\u043e\u0440 \u0434\u043b\u0438\u0442\u0435\u043b\u044c\u043d\u043e\u0435 \u0432\u0440\u0435\u043c\u044f \u043d\u0435 \u0431\u0443\u0434\u0435\u0442 \u0440\u0430\u0437\u0440\u044f\u0436\u0430\u0442\u044c\u0441\u044f. \u0422\u0430\u043a\u0436\u0435 \u0443 \u0430\u043f\u043f\u0430\u0440\u0430\u0442\u0430 \u0435\u0441\u0442\u044c \u043d\u0430\u0441\u0442\u043e\u044f\u0449\u0438\u0439 \u043c\u0435\u043d\u0435\u0434\u0436\u0435\u0440 GTD, \u043a\u0430\u043c\u0435\u0440\u0430 \u0441 \u043f\u043e\u0434\u0434\u0435\u0440\u0436\u043a\u043e\u0439 Full HD \u0438 \u0433\u043e\u043b\u043e\u0441\u043e\u0432\u043e\u0435 \u0443\u043f\u0440\u0430\u0432\u043b\u0435\u043d\u0438\u0435.",
    "published_at": "2018-12-08T09:34:15Z",
    "image": "Apple_banner.jpg",
    "slug": "yablochki-u-vas-horoshie",
    "products": [
      2,
      4
    ]
  }
},
{
  "model": "app_articles.article",
  "pk": 2,
  "fields": {
    "section": 1,
    "title": "\u0424\u0438\u043d\u0441\u043a\u0438\u0439 \u043f\u0443\u0442\u044c.",
    "text": "\u0415\u0441\u043b\u0438 \u0432\u044b \u044d\u0442\u043e\u0433\u043e \u043d\u0435 \u0437\u043d\u0430\u043b\u0438, \u0434\u0435\u0440\u0436\u0443 \u043f\u0430\u0440\u0438, \u0432\u044b \u043d\u0435 \u0437\u043d\u0430\u043b\u0438 \u0438 \u043c\u043d\u043e\u0433\u0438\u0445 \u0434\u0440\u0443\u0433\u0438\u0445 \u0438\u043d\u0442\u0435\u0440\u0435\u0441\u043d\u044b\u0445 \u0444\u0430\u043a\u0442\u043e\u0432 \u043e\u0431 \u044d\u0442\u043e\u0439 \u0444\u0438\u043d\u0441\u043a\u043e\u0439 \u043a\u043e\u043c\u043f\u0430\u043d\u0438\u0438. \r\n\r\n\u0424\u0430\u043a\u0442 \u21161. \u041d\u0430\u0437\u0432\u0430\u043d\u0438\u0435 \u0444\u0438\u0440\u043c\u044b Nokia \u043f\u0440\u043e\u0438\u0441\u0445\u043e\u0434\u0438\u0442 \u043e\u0442 \u043e\u0434\u043d\u043e\u0438\u043c\u0435\u043d\u043d\u043e\u0433\u043e \u0433\u043e\u0440\u043e\u0434\u0430. \u0412 \u0441\u0432\u043e\u044e \u043e\u0447\u0435\u0440\u0435\u0434\u044c \u0433\u043e\u0440\u043e\u0434 \u043d\u0430\u0437\u0432\u0430\u043d \u0442\u0430\u043a \u0432 \u0447\u0435\u0441\u0442\u044c \u0440\u0435\u043a\u0438 Nokianvirta, \u043f\u0440\u043e\u0442\u0435\u043a\u0430\u044e\u0449\u0435\u0439 \u0447\u0435\u0440\u0435\u0437 \u043d\u0435\u0433\u043e. \u0422\u0435\u043f\u0435\u0440\u044c \u043e\u0431\u0443\u0432\u044c \u00abNokia\u00bb \u2013 \u044d\u0442\u043e \u043c\u0443\u0437\u0435\u0439\u043d\u044b\u0435 \u044d\u043a\u0441\u043f\u043e\u043d\u0430\u0442\u044b, \u043d\u043e \u0432 \u0438\u043d\u0442\u0435\u0440\u043d\u0435\u0442\u0435 \u0432\u0441\u0435 \u0435\u0449\u0435 \u043c\u043e\u0436\u043d\u043e \u043a\u0443\u043f\u0438\u0442\u044c \u0441 \u0440\u0443\u043a \u0444\u0438\u0440\u043c\u0435\u043d\u043d\u044b\u0435 \u0440\u0435\u0437\u0438\u043d\u043e\u0432\u044b\u0435 \u0441\u0430\u043f\u043e\u0433\u0438. \r\n\r\n\u0424\u0430\u043a\u0442 \u21162. \u041f\u043e \u0438\u0441\u0442\u043e\u0440\u0438\u0447\u0435\u0441\u043a\u0438\u043c \u0441\u0432\u0435\u0434\u0435\u043d\u0438\u044f\u043c, \u0441\u043d\u0430\u0447\u0430\u043b\u0430 \u043a\u043e\u043c\u043f\u0430\u043d\u0438\u044f Nokia \u0431\u044b\u043b\u0430 \u0431\u0443\u043c\u0430\u0436\u043d\u043e\u0439 \u0444\u0430\u0431\u0440\u0438\u043a\u043e\u0439, \u0430 \u043f\u043e\u0437\u0436\u0435 \u0437\u0430\u043d\u0438\u043c\u0430\u043b\u0430\u0441\u044c \u0438\u0437\u0433\u043e\u0442\u043e\u0432\u043b\u0435\u043d\u0438\u0435\u043c \u0440\u0435\u0437\u0438\u043d\u043e\u0432\u044b\u0445 \u0438\u0437\u0434\u0435\u043b\u0438\u0439. \u041f\u043e\u0441\u043b\u0435 \u0441\u043b\u0438\u044f\u043d\u0438\u044f \u0441 \u0434\u0440\u0443\u0433\u0438\u043c\u0438 \u043a\u043e\u043c\u043f\u0430\u043d\u0438\u044f\u043c\u0438, \u043f\u043e\u044f\u0432\u0438\u043b\u043e\u0441\u044c \u043d\u0435\u0441\u043a\u043e\u043b\u044c\u043a\u043e \u043e\u0441\u043d\u043e\u0432\u043d\u044b\u0445 \u0432\u0438\u0434\u043e\u0432 \u0434\u0435\u044f\u0442\u0435\u043b\u044c\u043d\u043e\u0441\u0442\u0438: \u043f\u0440\u043e\u0438\u0437\u0432\u043e\u0434\u0441\u0442\u0432\u043e \u0440\u0435\u0437\u0438\u043d\u043e\u0432\u044b\u0445 \u0438\u0437\u0434\u0435\u043b\u0438\u0439, \u043a\u0430\u0431\u0435\u043b\u0435\u0439 \u0438 \u044d\u043b\u0435\u043a\u0442\u0440\u043e\u043d\u0438\u043a\u0438, \u043f\u0435\u0440\u0435\u0440\u0430\u0431\u043e\u0442\u043a\u0430 \u0434\u0440\u0435\u0432\u0435\u0441\u0438\u043d\u044b \u0438 \u0432\u044b\u0440\u0430\u0431\u043e\u0442\u043a\u0430 \u044d\u043b\u0435\u043a\u0442\u0440\u043e\u044d\u043d\u0435\u0440\u0433\u0438\u0438. \u0421\u043e \u0432\u0440\u0435\u043c\u0435\u043d\u0435\u043c \u043e\u0441\u043d\u043e\u0432\u043d\u043e\u0439 \u0434\u0435\u044f\u0442\u0435\u043b\u044c\u043d\u043e\u0441\u0442\u044c\u044e \u043a\u043e\u043c\u043f\u0430\u043d\u0438\u0438 \u0441\u0442\u0430\u043b\u0430 \u044d\u043b\u0435\u043a\u0442\u0440\u043e\u043d\u043d\u0430\u044f \u0442\u0435\u0445\u043d\u0438\u043a\u0430, \u0430 \u0443\u0436\u0435 \u043f\u043e\u0442\u043e\u043c \u0438 \u0432\u044b\u043f\u0443\u0441\u043a \u043a\u043e\u043c\u043c\u0443\u043d\u0438\u043a\u0430\u0446\u0438\u043e\u043d\u043d\u043e\u0433\u043e \u043e\u0431\u043e\u0440\u0443\u0434\u043e\u0432\u0430\u043d\u0438\u044f. \r\n\r\n\u0424\u0430\u043a\u0442 \u21163. \u041a\u043e\u0433\u0434\u0430 \u0444\u0438\u043d\u043d\u044b \u0432\u044b\u043f\u0443\u0441\u0442\u0438\u043b\u0438 \u043c\u043e\u0434\u0435\u043b\u044c \u0442\u0435\u043b\u0435\u0444\u043e\u043d\u0430 3410 \u043d\u0430 \u0430\u0437\u0438\u0430\u0442\u0441\u043a\u0438\u0439 \u0440\u044b\u043d\u043e\u043a, \u0442\u043e \u043f\u0440\u043e\u0434\u0430\u043b\u0438 \u0432\u0441\u0435\u0433\u043e 148 \u0448\u0442\u0443\u043a. \u0414\u0430, \u0438\u043c\u0435\u043d\u043d\u043e \u0448\u0442\u0443\u043a \u0438 \u044d\u0442\u043e \u043d\u0435 \u043e\u043f\u0435\u0447\u0430\u0442\u043a\u0430. \u041c\u0430\u0440\u043a\u0435\u0442\u043e\u043b\u043e\u0433\u0438 \u0441\u0442\u0430\u043b\u0438 \u043b\u043e\u043c\u0430\u0442\u044c \u0433\u043e\u043b\u043e\u0432\u0443 \u043d\u0430\u0434 \u043f\u0440\u0438\u0447\u0438\u043d\u0430\u043c\u0438 \u043f\u0440\u043e\u0432\u0430\u043b\u0430. \u0418\u0445 \u043f\u043e\u0438\u0441\u043a\u0438 \u043e\u0442\u0432\u0435\u0442\u0430, \u0441\u043a\u043e\u0440\u0435\u0435 \u0432\u0441\u0435\u0433\u043e, \u043f\u0440\u043e\u0434\u043e\u043b\u0436\u0430\u043b\u0438\u0441\u044c \u0431\u044b \u0435\u0449\u0435 \u0434\u043e\u043b\u0433\u043e, \u0435\u0441\u043b\u0438 \u0431\u044b \u043d\u0435 \u0443\u0431\u043e\u0440\u0449\u0438\u043a \u0433\u043b\u0430\u0432\u043d\u043e\u0433\u043e \u043e\u0444\u0438\u0441\u0430, \u043d\u0435\u043f\u0430\u043b\u0435\u0446 \u043f\u043e \u043d\u0430\u0446\u0438\u043e\u043d\u0430\u043b\u044c\u043d\u043e\u0441\u0442\u0438. \u041e\u043d \u043f\u043e\u0434\u0441\u043a\u0430\u0437\u0430\u043b \u0441\u043f\u0435\u0446\u0438\u0430\u043b\u0438\u0441\u0442\u0430\u043c \u043a\u043e\u043c\u043f\u0430\u043d\u0438\u0438, \u0447\u0442\u043e \u0446\u0438\u0444\u0440\u0430 \u00ab4\u00bb \u044f\u0432\u043b\u044f\u0435\u0442\u0441\u044f \u0432 \u0410\u0437\u0438\u0438 \u043d\u0435\u0441\u0447\u0430\u0441\u0442\u043b\u0438\u0432\u043e\u0439. \u0421 \u0442\u0435\u0445 \u043f\u043e\u0440 \u0446\u0438\u0444\u0440\u0430 \u00ab4\u00bb \u043d\u0435 \u0438\u0441\u043f\u043e\u043b\u044c\u0437\u0443\u0435\u0442\u0441\u044f \u043d\u0430 \u043c\u043e\u0434\u0435\u043b\u044f\u0445 \u0442\u0435\u043b\u0435\u0444\u043e\u043d\u043e\u0432 Nokia \u0432 \u0410\u0437\u0438\u0438. \r\n\r\n\u0424\u0430\u043a\u0442 \u21164. \u0421\u0442\u0430\u043d\u0434\u0430\u0440\u0442\u043d\u044b\u0439 \u0437\u0432\u0443\u043a \u0430\u043f\u043f\u0430\u0440\u0430\u0442\u043e\u0432 Nokia (\u0437\u0432\u0443\u043a SMS \u0441\u043e\u043e\u0431\u0449\u0435\u043d\u0438\u044f), \u043a\u043e\u0442\u043e\u0440\u044b\u0439 \u043e\u0431\u044b\u0447\u043d\u043e \u043f\u043e\u043b\u044c\u0437\u043e\u0432\u0430\u0442\u0435\u043b\u044e \u043a\u0430\u0436\u0435\u0442\u0441\u044f \u043d\u0438\u0447\u0435\u043c \u043d\u0435 \u043f\u0440\u0438\u043c\u0435\u0447\u0430\u0442\u0435\u043b\u044c\u043d\u044b\u043c \u0437\u0432\u0443\u043a\u043e\u0432\u044b\u043c \u0441\u0438\u0433\u043d\u0430\u043b\u043e\u043c, \u043d\u0430 \u0441\u0430\u043c\u043e\u043c \u0434\u0435\u043b\u0435, \u043f\u043e\u043b\u043d\u043e\u0437\u043d\u0430\u0447\u043d\u043e\u0435 \u0441\u043e\u043e\u0431\u0449\u0435\u043d\u0438\u0435. \u0422\u043e\u043b\u044c\u043a\u043e \u043f\u0435\u0440\u0435\u0434\u0430\u043d\u043d\u043e\u0435 \u0441 \u043f\u043e\u043c\u043e\u0449\u044c\u044e \u0430\u0437\u0431\u0443\u043a\u0438 \u041c\u043e\u0440\u0437\u0435. \u0422\u0430\u043a\u0438\u043c \u043e\u0431\u0440\u0430\u0437\u043e\u043c, \u0441\u0438\u0433\u043d\u0430\u043b \u2013 \u043d\u0435 \u0447\u0442\u043e \u0438\u043d\u043e\u0435, \u043a\u0430\u043a \u0430\u0431\u0431\u0440\u0435\u0432\u0438\u0430\u0442\u0443\u0440\u0430 Short Message Service, \u0437\u0430\u043f\u0438\u0441\u0430\u043d\u043d\u0430\u044f \u0441 \u043f\u043e\u043c\u043e\u0449\u044c\u044e \u0432\u044b\u0448\u0435\u0443\u043f\u043e\u043c\u044f\u043d\u0443\u0442\u043e\u0433\u043e \u0448\u0438\u0444\u0440\u0430. \u0411\u043e\u043b\u044c\u0448\u0435 \u0432\u0441\u0435\u0433\u043e \u0440\u0430\u0437\u0440\u0430\u0431\u043e\u0442\u0447\u0438\u043a\u0438 \u043f\u0440\u043e\u044f\u0432\u0438\u043b\u0438 \u043a\u0440\u0435\u0430\u0442\u0438\u0432 \u043f\u0440\u0438 \u0438\u0437\u043e\u0431\u0440\u0435\u0442\u0435\u043d\u0438\u0438 \u043c\u0435\u043b\u043e\u0434\u0438\u0438 \u00abAscending\u00bb. \u041e\u043d\u0430 \u043e\u0437\u043d\u0430\u0447\u0430\u0435\u0442 \u0446\u0435\u043b\u044b\u0439 \u0441\u043b\u043e\u0433\u0430\u043d \u043a\u043e\u043c\u043f\u0430\u043d\u0438\u0438: \u00abConnecting people\u00bb, \u0447\u0442\u043e \u043f\u0435\u0440\u0435\u0432\u043e\u0434\u0438\u0442\u0441\u044f \u043a\u0430\u043a \u00ab\u041e\u0431\u044a\u0435\u0434\u0438\u043d\u044f\u044f \u043b\u044e\u0434\u0435\u0439\u00bb. Plain Jane Automobile \r\n\r\n\u0424\u0430\u043a\u0442 \u21165. \u041a\u0442\u043e \u043d\u0435 \u0445\u043e\u0447\u0435\u0442 \u0431\u044b\u0442\u044c \u043f\u043e\u043f\u0443\u043b\u044f\u0440\u043d\u044b\u043c? \u0414\u0443\u043c\u0430\u044e, \u0442\u0430\u043a \u0438\u043b\u0438 \u0438\u043d\u0430\u0447\u0435, \u044d\u0442\u043e\u0433\u043e \u0445\u043e\u0442\u044f\u0442 \u0432\u0441\u0435. \u041d\u043e \u043c\u0430\u043b\u043e \u043a\u0442\u043e \u0437\u043d\u0430\u0435\u0442, \u043a\u0430\u043a \u044d\u0442\u043e\u0433\u043e \u043c\u043e\u0436\u043d\u043e \u0434\u043e\u0431\u0438\u0442\u044c\u0441\u044f, \u0430 \u0442\u0435\u043c \u0432\u0440\u0435\u043c\u0435\u043d\u0435\u043c \u0430\u043c\u0435\u0440\u0438\u043a\u0430\u043d\u0441\u043a\u0430\u044f \u0438\u043d\u0434\u0438-\u0440\u043e\u043a \u0433\u0440\u0443\u043f\u043f\u0430 Plain Jane Automobile \u0441\u043c\u043e\u0433\u043b\u0430 \u043e\u0441\u0443\u0449\u0435\u0441\u0442\u0432\u0438\u0442\u044c \u0441\u0432\u043e\u044e \u043c\u0435\u0447\u0442\u0443. \u041e\u043d\u0438 \u043f\u043e\u043c\u0435\u0441\u0442\u0438\u043b\u0438 \u0441\u0432\u043e\u0438 \u043f\u0435\u0441\u043d\u0438 \u00abThe Village\u00bb, \u00abStones\u00bb \u0438 \u00abClose My Eyes\u00bb \u043d\u0430 \u0431\u043e\u043b\u0435\u0435 \u0447\u0435\u043c \u043c\u0438\u043b\u043b\u0438\u043e\u043d \u0442\u0435\u043b\u0435\u0444\u043e\u043d\u043e\u0432 \u043a\u043e\u043c\u043f\u0430\u043d\u0438\u0438 Nokia \u0432 \u043a\u0430\u0447\u0435\u0441\u0442\u0432\u0435 \u0441\u0442\u0430\u043d\u0434\u0430\u0440\u0442\u043d\u043e\u0433\u043e \u0440\u0438\u043d\u0433\u0442\u043e\u043d\u0430. \u0411\u043b\u0430\u0433\u043e\u0434\u0430\u0440\u044f \u044d\u0442\u043e\u043c\u0443 \u0438\u0445 \u043f\u0435\u0441\u043d\u0438 \u0441\u0442\u0430\u043b\u0438 \u043f\u043e\u043f\u0443\u043b\u044f\u0440\u043d\u044b.\r\n \r\n\u0424\u0430\u043a\u0442 \u21166. \u041f\u0435\u0440\u0432\u044b\u0439 \u0432 \u043c\u0438\u0440\u0435 \u043f\u043b\u0430\u0442\u043d\u044b\u0439 \u0437\u0432\u043e\u043d\u043e\u043a \u043f\u043e \u0441\u043e\u0442\u043e\u0432\u043e\u043c\u0443 \u0442\u0435\u043b\u0435\u0444\u043e\u043d\u0443 \u0441\u0442\u0430\u043d\u0434\u0430\u0440\u0442\u0430 GSM \u0431\u044b\u043b \u0441\u0434\u0435\u043b\u0430\u043d \u043f\u043e \u0442\u0435\u043b\u0435\u0444\u043e\u043d\u0443 Nokia \u0432 \u0441\u0435\u0442\u0438, \u043f\u043e\u0441\u0442\u0440\u043e\u0435\u043d\u043d\u043e\u0439 \u043d\u0430 \u043e\u0431\u043e\u0440\u0443\u0434\u043e\u0432\u0430\u043d\u0438\u0438, \u043f\u0440\u043e\u0438\u0437\u0432\u0435\u0434\u0451\u043d\u043d\u043e\u043c Nokia. \u0417\u043d\u0430\u043c\u0435\u043d\u0430\u0442\u0435\u043b\u044c\u043d\u043e\u0435 \u0441\u043e\u0431\u044b\u0442\u0438\u0435 \u043f\u0440\u043e\u0438\u0437\u043e\u0448\u043b\u043e \u0432 1991 \u0433\u043e\u0434\u0443 \u0432 \u0425\u0435\u043b\u044c\u0441\u0438\u043d\u043a\u0438, \u0437\u0432\u043e\u043d\u0438\u043b \u043f\u0440\u0435\u043c\u044c\u0435\u0440-\u043c\u0438\u043d\u0438\u0441\u0442\u0440 \u0424\u0438\u043d\u043b\u044f\u043d\u0434\u0438\u0438 \u0425\u0430\u0440\u0440\u0438 \u0425\u043e\u043b\u043a\u0435\u0440\u0438.\r\n\r\n\u0424\u0430\u043a\u0442 \u21167. \u0412 2003 \u0433\u043e\u0434\u0443 Nokia \u0440\u0430\u0437\u0440\u0430\u0431\u043e\u0442\u0430\u043b\u0430 \u043f\u0435\u0440\u0432\u044b\u0439 \u0441\u043c\u0430\u0440\u0442\u0444\u043e\u043d \u043d\u0430 \u0431\u0430\u0437\u0435 Symbian \u0441 \u0441\u0435\u043d\u0441\u043e\u0440\u043d\u044b\u043c \u044d\u043a\u0440\u0430\u043d\u043e\u043c. \u041a\u043e\u043c\u043f\u0430\u043d\u0438\u044f \u0442\u0430\u043a \u0438 \u043d\u0435 \u0432\u044b\u043f\u0443\u0441\u0442\u0438\u043b\u0430 \u0435\u0433\u043e \u0432 \u043f\u0440\u043e\u0434\u0430\u0436\u0443, \u043f\u043e\u0441\u0447\u0438\u0442\u0430\u0432, \u0447\u0442\u043e \u0440\u044b\u043d\u043e\u043a \u043d\u0435 \u0433\u043e\u0442\u043e\u0432 \u043a \u0442\u0430\u043a\u0438\u043c \u0443\u0441\u0442\u0440\u043e\u0439\u0441\u0442\u0432\u0430\u043c \u0438 \u0443\u0441\u043f\u0435\u0445\u0430 \u043d\u0435 \u0431\u0443\u0434\u0435\u0442. \u0417\u0430\u0442\u043e Nokia \u0434\u043e\u043b\u0433\u043e\u0435 \u0432\u0440\u0435\u043c\u044f \u043f\u0440\u043e\u0434\u043e\u043b\u0436\u0430\u043b\u0430 \u0432\u044b\u043f\u0443\u0441\u043a\u0430\u0442\u044c \u043a\u043d\u043e\u043f\u043e\u0447\u043d\u044b\u0435 \u0442\u0435\u043b\u0435\u0444\u043e\u043d\u044b. \u0421\u0435\u0439\u0447\u0430\u0441 \u0436\u0435 \u043a\u043e\u043c\u043f\u0430\u043d\u0438\u044f \u043c\u043e\u0436\u0435\u0442 \u043f\u043e\u0445\u0432\u0430\u0441\u0442\u0430\u0442\u044c\u0441\u044f \u0443\u0436\u0435 \u043d\u0435 \u043e\u0434\u043d\u0438\u043c \u0441\u043c\u0430\u0440\u0442\u0444\u043e\u043d\u043e\u043c, \u043a\u043e\u0442\u043e\u0440\u044b\u0435 \u0443\u0441\u043f\u0435\u0448\u043d\u043e \u0437\u0430\u0432\u043e\u0435\u0432\u0430\u043b\u0438 \u0441\u0432\u043e\u044e \u043d\u0438\u0448\u0443 \u0441\u0440\u0435\u0434\u0438 \u043e\u0441\u0442\u0430\u043b\u044c\u043d\u044b\u0445. \u043c\u0430\u0442\u0435\u0440\u0438\u0430\u043b \u043f\u043e \u0442\u0435\u043c\u0435 \u0424\u0438\u043d\u0441\u043a\u0438\u0435 \u0431\u0440\u0435\u043d\u0434\u044b, \u0438\u0437\u0432\u0435\u0441\u0442\u043d\u044b\u0435 \u0432\u043e \u0432\u0441\u0435\u043c \u043c\u0438\u0440\u0435 \u0422\u043e\u0432\u0430\u0440\u044b, \u0441\u043e\u0437\u0434\u0430\u043d\u043d\u044b\u0435 \u0432 \u0424\u0438\u043d\u043b\u044f\u043d\u0434\u0438\u0438, \u0430\u0441\u0441\u043e\u0446\u0438\u0438\u0440\u0443\u044e\u0442\u0441\u044f \u0443 \u043d\u0430\u0441 \u0441 \u044d\u043a\u043e\u043b\u043e\u0433\u0438\u0447\u043d\u043e\u0441\u0442\u044c\u044e \u0438 \u0432\u044b\u0441\u043e\u043a\u0438\u043c \u043a\u0430\u0447\u0435\u0441\u0442\u0432\u043e\u043c, \u0438\u0433\u0440\u0443\u0448\u043a\u0438 \u0438 \u043a\u043d\u0438\u0433\u0438 \u2013 \u0441 \u043d\u0435\u043f\u0440\u0438\u0432\u044b\u0447\u043d\u044b\u043c\u0438 \u0438 \u043f\u0440\u0438\u0442\u044f\u0433\u0430\u0442\u0435\u043b\u044c\u043d\u044b\u043c\u0438 \u043f\u0435\u0440\u0441\u043e\u043d\u0430\u0436\u0430\u043c\u0438.\r\n \r\n\u0424\u0430\u043a\u0442 \u21168. \u0412\u043e\u043f\u0440\u0435\u043a\u0438 \u0432\u0441\u0435\u043e\u0431\u0449\u0435\u043c\u0443 \u043c\u043d\u0435\u043d\u0438\u044e, \u0447\u0442\u043e \u043a\u0440\u0443\u043f\u043d\u0435\u0439\u0448\u0438\u0435 \u043c\u0438\u0440\u043e\u0432\u044b\u0435 \u043f\u0440\u043e\u0438\u0437\u0432\u043e\u0434\u0438\u0442\u0435\u043b\u0438 \u0446\u0438\u0444\u0440\u043e\u0432\u044b\u0445 \u0444\u043e\u0442\u043e\u043a\u0430\u043c\u0435\u0440 Canon \u0438 Sony, \u044d\u0442\u043e \u043d\u0435 \u0442\u0430\u043a. \u041f\u0440\u043e\u0434\u0430\u0436\u0438 \u0442\u0435\u043b\u0435\u0444\u043e\u043d\u043e\u0432 Nokia, \u043e\u0441\u043d\u0430\u0449\u0435\u043d\u043d\u044b\u0445 \u0444\u043e\u0442\u043e\u043a\u0430\u043c\u0435\u0440\u0430\u043c\u0438, \u043f\u0440\u0435\u0432\u044b\u0441\u0438\u043b\u0438 \u0430\u043d\u0430\u043b\u043e\u0433\u0438\u0447\u043d\u044b\u0435 \u043f\u0440\u043e\u0434\u0430\u0436\u0438 \u0443 \u0432\u0441\u0435\u0445 \u043a\u043e\u043d\u043a\u0443\u0440\u0435\u043d\u0442\u043e\u0432. \u041f\u043e\u044d\u0442\u043e\u043c\u0443 \u0444\u0430\u043a\u0442\u0438\u0447\u0435\u0441\u043a\u0438 \u0438\u043c\u0435\u043d\u043d\u043e Nokia \u044f\u0432\u043b\u044f\u0435\u0442\u0441\u044f \u043b\u0438\u0434\u0435\u0440\u043e\u043c \u0432 \u044d\u0442\u043e\u0439 \u0441\u0444\u0435\u0440\u0435. \r\n\r\n\u0424\u0430\u043a\u0442 \u21169. \u0424\u0438\u0440\u043c\u0435\u043d\u043d\u044b\u0439 \u0438 \u0443\u0437\u043d\u0430\u0432\u0430\u0435\u043c\u044b\u0439 \u0448\u0440\u0438\u0444\u0442 Nokia \u2013 AgfaMonotype Nokia Sans \u0431\u044b\u043b \u0440\u0430\u0437\u0440\u0430\u0431\u043e\u0442\u0430\u043d \u043d\u0435\u043c\u0435\u0446\u043a\u0438\u043c \u0434\u0438\u0437\u0430\u0439\u043d\u0435\u0440\u043e\u043c \u042d\u0440\u0438\u043a\u043e\u043c \u0421\u043f\u0438\u043a\u0435\u0440\u043c\u0430\u043d\u043e\u043c. \u0414\u043e \u044d\u0442\u043e\u0433\u043e Nokia \u0447\u0430\u0449\u0435 \u0432\u0441\u0435\u0433\u043e \u0438\u0441\u043f\u043e\u043b\u044c\u0437\u043e\u0432\u0430\u043b\u0430 \u0448\u0440\u0438\u0444\u0442 Agfa Rotis. \r\n\r\n\u0424\u0430\u043a\u0442 \u211610. \u0412 \u0442\u0435\u043b\u0435\u0444\u043e\u043d\u043d\u044b\u0445 \u0430\u043f\u043f\u0430\u0440\u0430\u0442\u0430\u0445 Nokia \u0442\u0430\u0439\u043c\u0435\u0440 \u043f\u0440\u043e\u0434\u043e\u043b\u0436\u0438\u0442\u0435\u043b\u044c\u043d\u043e\u0441\u0442\u0438 \u0437\u0432\u043e\u043d\u043a\u0430 \u0430\u0432\u0442\u043e\u043c\u0430\u0442\u0438\u0447\u0435\u0441\u043a\u0438 \u0432\u043a\u043b\u044e\u0447\u0430\u0435\u0442\u0441\u044f \u043d\u0435\u043f\u043e\u0441\u0440\u0435\u0434\u0441\u0442\u0432\u0435\u043d\u043d\u043e \u0432\u043c\u0435\u0441\u0442\u0435 \u0441 \u0438\u043d\u0438\u0446\u0438\u0430\u043b\u0438\u0437\u0430\u0446\u0438\u0435\u0439 \u0437\u0432\u043e\u043d\u043a\u0430, \u0430 \u043d\u0435 \u0432 \u043c\u043e\u043c\u0435\u043d\u0442 \u0441\u043e\u0435\u0434\u0438\u043d\u0435\u043d\u0438\u044f, \u0438\u0441\u043a\u043b\u044e\u0447\u0435\u043d\u0438\u0435\u043c \u044f\u0432\u043b\u044f\u0435\u0442\u0441\u044f \u0442\u043e\u043b\u044c\u043a\u043e \u0442\u0435\u043b\u0435\u0444\u043e\u043d\u044b 60-\u0439 \u0441\u0435\u0440\u0438\u0438, \u043d\u0430\u043f\u0440\u0438\u043c\u0435\u0440 Nokia 6600.",
    "published_at": "2016-01-20T11:43:47Z",
    "image": "Nokia_banner.jpg",
    "slug": "finskij-put",
    "products": [
      5
    ]
  }
},
{
  "model": "app_articles.article",
  "pk": 3,
  "fields": {
    "section": 1,
    "title": "\u0410\u043a\u0443\u043b\u0430 \u0441 \u043a\u0440\u0435\u043f\u043a\u0438\u043c\u0438 \u0437\u0443\u0431\u0430\u043c\u0438!",
    "text": "\u0412\u0441\u0451, \u0441\u043d\u0438\u043c\u0430\u0435\u043c \u0431\u043e\u0435\u0432\u043e\u0439 \u043e\u0431\u0432\u0435\u0441 \u0441 \u043a\u043b\u0430\u0432\u0438\u0430\u0442\u0443\u0440, \u0437\u0430\u0447\u0435\u0445\u043b\u044f\u0435\u043c \u0433\u0435\u0439\u043c\u0435\u0440\u0441\u043a\u0438\u0435 \u043c\u044b\u0448\u0438 \u2014 \u043c\u043e\u0431\u0438\u043b\u044c\u043d\u044b\u0435 \u0438\u0433\u0440\u044b \u043d\u0430\u0441\u0442\u0443\u043f\u0430\u044e\u0442 \u0432 \u043f\u043e\u043b\u043d\u044b\u0439 \u0440\u043e\u0441\u0442! \u00ab\u0412\u0437\u0440\u043e\u0441\u043b\u044b\u0435\u00bb \u0442\u0430\u0439\u0442\u043b\u044b \u043f\u0435\u0440\u0435\u0431\u0438\u0440\u0430\u044e\u0442\u0441\u044f \u043d\u0430 \u0441\u043c\u0430\u0440\u0442\u0444\u043e\u043d\u044b, \u0440\u0435\u0441\u0443\u0440\u0441\u043e\u0432 \u0436\u0440\u0443\u0442 \u043a\u0430\u043a \u043d\u0435 \u0432 \u0441\u0435\u0431\u044f \u2014 \u043f\u043e\u0434\u0430\u0432\u0430\u0439 \u0438\u043c \u043c\u043e\u0449\u043d\u044b\u0435 \u0430\u043f\u043f\u0430\u0440\u0430\u0442\u044b \u0441 \u043c\u0430\u043a\u0441\u0438\u043c\u0430\u043b\u044c\u043d\u044b\u043c\u0438 \u0445\u0430\u0440\u0430\u043a\u0442\u0435\u0440\u0438\u0441\u0442\u0438\u043a\u0430\u043c\u0438. \u041f\u043e\u0434\u043e\u0441\u043f\u0435\u043b \u0438 \u043f\u043e\u0434\u0445\u043e\u0434\u044f\u0449\u0438\u0439 \u00ab\u0442\u043e\u043f\u0447\u0438\u043a \u0437\u0430 \u0441\u0432\u043e\u0438 \u0434\u0435\u043d\u044c\u0433\u0438\u00bb \u2014 Xiaomi Black Shark, \u043a \u043a\u043e\u0442\u043e\u0440\u043e\u043c\u0443 \u043c\u043e\u0436\u043d\u043e \u0434\u043e\u043a\u0443\u043f\u0438\u0442\u044c \u043a\u043e\u043d\u0442\u0440\u043e\u043b\u043b\u0435\u0440. \u041d\u043e \u0437\u0443\u0431\u0430\u0441\u0442\u0430 \u043b\u0438 \u00ab\u0430\u043a\u0443\u043b\u0430\u00bb \u0438 \u043d\u0435 \u043f\u043e\u0440\u0430 \u043b\u0438 \u043f\u0435\u0440\u0435\u0435\u0445\u0430\u0442\u044c \u0441 \u041f\u041a \u043d\u0430 \u0438\u0433\u0440\u043e\u0432\u043e\u0439 \u0441\u043c\u0430\u0440\u0442\u0444\u043e\u043d?\r\n\r\n\u0418\u0433\u0440\u043e\u0432\u043e\u0439 \u0441\u043c\u0430\u0440\u0442\u0444\u043e\u043d \u043a\u0430\u043a \u043a\u043b\u0430\u0441\u0441 \u0441\u0443\u0449\u0435\u0441\u0442\u0432\u0443\u0435\u0442 \u0434\u043b\u044f \u043b\u044e\u0434\u0435\u0439, \u043a\u043e\u0442\u043e\u0440\u044b\u0435 \u0445\u043e\u0442\u044f\u0442 \u0438\u0433\u0440\u0430\u0442\u044c (\u0441\u043f\u0430\u0441\u0438\u0431\u043e, \u043a\u044d\u043f), \u0430 \u043d\u0435 \u0434\u0443\u043c\u0430\u0442\u044c \u043e \u043d\u0435\u0445\u0432\u0430\u0442\u043a\u0435 \u043c\u043e\u0449\u043d\u043e\u0441\u0442\u0438. \u0418 \u0432\u0441\u0451 \u0436\u0435 \u043f\u0440\u043e\u0439\u0434\u0451\u043c\u0441\u044f \u043f\u043e \u043e\u0441\u043d\u043e\u0432\u043d\u044b\u043c \u0445\u0430\u0440\u0430\u043a\u0442\u0435\u0440\u0438\u0441\u0442\u0438\u043a\u0430\u043c: Snapdragon 845, Adreno 630, 6 \u0438\u043b\u0438 8 \u0413\u0411 \u043e\u043f\u0435\u0440\u0430\u0442\u0438\u0432\u043a\u0438 \u0442\u0438\u043f\u0430 LPDDR4x, \u043d\u0430\u043a\u043e\u043f\u0438\u0442\u0435\u043b\u044c \u043d\u0430 64 \u0438\u043b\u0438 128 \u0413\u0411 \u0442\u0438\u043f\u0430 UFS 2.1. \u041d\u0435\u0442 \u0440\u0430\u0437\u0432\u0435 \u0447\u0442\u043e \u043f\u043e\u0434\u0434\u0435\u0440\u0436\u043a\u0438 microSD (\u0447\u0442\u043e \u0434\u043e\u0432\u043e\u043b\u044c\u043d\u043e \u0441\u0442\u0440\u0430\u043d\u043d\u043e) \u0438 120-\u0433\u0435\u0440\u0446\u043e\u0432\u043e\u0433\u043e \u0434\u0438\u0441\u043f\u043b\u0435\u044f. IPS-\u043c\u0430\u0442\u0440\u0438\u0446\u0430 \u043d\u0430 5,99 \u0434\u044e\u0439\u043c\u0430 \u0440\u0430\u0431\u043e\u0442\u0430\u0435\u0442 \u0441 \u0447\u0430\u0441\u0442\u043e\u0442\u043e\u0439 \u0434\u043e 60 \u0413\u0446, \u0445\u043e\u0442\u044f \u0438 \u0432\u044b\u0434\u0430\u0451\u0442 \u043f\u0440\u0435\u043a\u0440\u0430\u0441\u043d\u0443\u044e \u0441\u043e\u0447\u043d\u0443\u044e \r\n\u043a\u0430\u0440\u0442\u0438\u043d\u043a\u0443 \u0441 \u0433\u043b\u0443\u0431\u043e\u043a\u0438\u043c \u0447\u0451\u0440\u043d\u044b\u043c \u0446\u0432\u0435\u0442\u043e\u043c.\r\n\r\n\u0421\u0430\u043c \u043f\u043e \u0441\u0435\u0431\u0435 \u0430\u043f\u043f\u0430\u0440\u0430\u0442 \u0434\u043e\u0432\u043e\u043b\u044c\u043d\u043e \u043a\u0440\u0443\u043f\u043d\u044b\u0439 (161,6 \u0445 75,4 \u0445 9,25 \u043c\u043c) \u0438 \u0442\u044f\u0436\u0451\u043b\u044b\u0439 (190 \u0433\u0440\u0430\u043c\u043c\u043e\u0432). \u0427\u0442\u043e, \u0432 \u043e\u0431\u0449\u0435\u043c, \u043e\u043f\u0440\u0430\u0432\u0434\u044b\u0432\u0430\u0435\u0442\u0441\u044f \u0438\u0433\u0440\u043e\u0432\u044b\u043c \u043d\u0430\u0437\u043d\u0430\u0447\u0435\u043d\u0438\u0435\u043c, \u0451\u043c\u043a\u043e\u0439 \u0431\u0430\u0442\u0430\u0440\u0435\u0435\u0439 \u043d\u0430 4000 \u043c\u0410\u0447 \u0438 \u0434\u0430\u0436\u0435 \u043e\u0442\u0434\u0435\u043b\u044c\u043d\u044b\u043c\u0438 \u0441\u0435\u043d\u0441\u043e\u0440\u043d\u044b\u043c\u0438 \u043a\u043b\u0430\u0432\u0438\u0448\u0430\u043c\u0438 \u043d\u0430\u0432\u0438\u0433\u0430\u0446\u0438\u0438, \u043a\u043e\u0442\u043e\u0440\u044b\u043c \u0442\u043e\u0436\u0435 \u043d\u0443\u0436\u043d\u043e \u043c\u0435\u0441\u0442\u043e. \u041f\u043e\u0441\u043b\u0435\u0434\u043d\u0435\u0435 \u0441\u0434\u0435\u043b\u0430\u043d\u043e \u0434\u043b\u044f \u0442\u043e\u0433\u043e, \u0447\u0442\u043e\u0431\u044b \u0440\u0430\u0437\u043c\u0435\u0441\u0442\u0438\u0442\u044c \u0434\u0430\u043a\u0442\u0438\u043b\u043e\u0441\u043a\u043e\u043f\u0438\u0447\u0435\u0441\u043a\u0438\u0439 \u0434\u0430\u0442\u0447\u0438\u043a \u0432 \u043a\u043d\u043e\u043f\u043a\u0435 \u00ab\u0414\u043e\u043c\u043e\u0439\u00bb \u0438 \u0447\u0442\u043e\u0431\u044b \u0432\u0441\u043f\u043b\u044b\u0432\u0430\u044e\u0449\u0430\u044f \u0432 \u041e\u0421 \u043f\u0430\u043d\u0435\u043b\u044c \u043d\u0435 \u043c\u0435\u0448\u0430\u043b\u0430. \u0415\u0451 \u043c\u043e\u0436\u043d\u043e \u0432\u0435\u0440\u043d\u0443\u0442\u044c \u0432 \u043d\u0430\u0441\u0442\u0440\u043e\u0439\u043a\u0430\u0445, \u043d\u043e \u0444\u0438\u0437\u0438\u0447\u0435\u0441\u043a\u0438\u0435 \u043a\u043b\u0430\u0432\u0438\u0448\u0438 \u043f\u0440\u0438 \u044d\u0442\u043e\u043c \u043f\u0440\u043e\u0434\u043e\u043b\u0436\u0430\u0442 \u0440\u0430\u0431\u043e\u0442\u0430\u0442\u044c.\r\n\r\n\u0410\u043f\u043f\u0430\u0440\u0430\u0442 \u043f\u043e\u0434\u0434\u0435\u0440\u0436\u0438\u0432\u0430\u0435\u0442 \u043f\u0440\u0430\u043a\u0442\u0438\u0447\u0435\u0441\u043a\u0438 \u0432\u0441\u0435 \u0430\u043a\u0442\u0443\u0430\u043b\u044c\u043d\u044b\u0435 \u0431\u0435\u0441\u043f\u0440\u043e\u0432\u043e\u0434\u043d\u044b\u0435 \u0441\u0442\u0430\u043d\u0434\u0430\u0440\u0442\u044b \u0441\u0432\u044f\u0437\u0438: LTE \u043d\u0430 \u043d\u0443\u0436\u043d\u044b\u0445 \u0447\u0430\u0441\u0442\u043e\u0442\u0430\u0445, Wi-Fi 802.11ac (2 \u0445 2 MIMO), Bluetooth 5.0. \u041d\u043e \u0431\u0435\u0437 NFC. \u0414\u0435\u0441\u043a\u0430\u0442\u044c, \u0431\u0435\u0441\u043a\u043e\u043d\u0442\u0430\u043a\u0442\u043d\u0430\u044f \u043e\u043f\u043b\u0430\u0442\u0430 \u0432 \u0438\u0433\u0440\u043e\u0432\u043e\u043c \u0441\u043c\u0430\u0440\u0442\u0444\u043e\u043d\u0435 \u043d\u0435 \u043d\u0443\u0436\u043d\u0430, \u0430 \u043a\u043e\u043d\u0442\u0440\u043e\u043b\u043b\u0435\u0440\u044b \u0440\u0435\u0434\u043a\u043e \u043e\u0441\u043d\u0430\u0449\u0435\u043d\u044b RFID\u2019\u043e\u043c. \u0422\u0430\u043a \u0441\u0435\u0431\u0435 \u043e\u0442\u043c\u0430\u0437\u043a\u0430, Xiaomi! \u041f\u043e\u0440\u0430 \u0431\u044b \u0443\u0436\u0435 \u043f\u0435\u0440\u0435\u043d\u044f\u0442\u044c \u043e\u043f\u044b\u0442 \u043a\u043e\u043d\u043a\u0443\u0440\u0435\u043d\u0442\u043e\u0432 \u0438 \u0441\u0442\u0430\u0432\u0438\u0442\u044c NFC \u043f\u043e \u0443\u043c\u043e\u043b\u0447\u0430\u043d\u0438\u044e. \u0418 \u043e\u0442\u0434\u0435\u043b\u044c\u043d\u044b\u0439 \u0434\u0438\u0437\u043b\u0430\u0439\u043a \u0437\u0430 \u043e\u0442\u0441\u0443\u0442\u0441\u0442\u0432\u0438\u0435 \u0440\u0430\u0437\u044a\u0451\u043c\u0430 \u0434\u043b\u044f \u043d\u0430\u0443\u0448\u043d\u0438\u043a\u043e\u0432. \u041d\u043e \u0445\u043e\u0442\u044f \u0431\u044b \u0441\u0442\u0435\u0440\u0435\u043e\u0434\u0438\u043d\u0430\u043c\u0438\u043a\u0438 \u0435\u0441\u0442\u044c \u2014 \u043f\u0440\u0438\u0447\u0451\u043c \u0437\u0432\u0443\u0447\u0430\u0442 \u043e\u043d \u0433\u0443\u0441\u0442\u043e, \u0441\u043e\u0447\u043d\u043e \u0438 \u0433\u0440\u043e\u043c\u043a\u043e.\r\n\u0412\u0435\u043d\u0434\u043e\u0440 \u0443\u0441\u0442\u0430\u043d\u043e\u0432\u0438\u043b \u0432 \u043c\u043e\u0434\u0435\u043b\u044c \u043c\u043e\u0449\u043d\u0443\u044e \u0434\u0432\u043e\u0439\u043d\u0443\u044e \u043a\u0430\u043c\u0435\u0440\u0443 \u0441 \u043e\u0431\u044a\u0435\u043a\u0442\u0438\u0432\u0430\u043c\u0438 \u043d\u0430 12 \u0438 20 \u041c\u043f. \u0424\u043e\u0442\u043e\u0433\u0440\u0430\u0444\u0438\u0438 \u043f\u043e\u043b\u0443\u0447\u0430\u044e\u0442\u0441\u044f \u0441 \u043e\u0442\u043b\u0438\u0447\u043d\u043e\u0439 \u0434\u0435\u0442\u0430\u043b\u0438\u0437\u0430\u0446\u0438\u0435\u0439 \u043d\u0430 \u0432\u0441\u0435\u0445 \u043f\u043b\u0430\u043d\u0430\u0445, \u0430 \u0432 \u0443\u0441\u043b\u043e\u0432\u0438\u044f\u0445 \u043d\u0435\u0434\u043e\u0441\u0442\u0430\u0442\u043e\u0447\u043d\u043e\u0439 \u0438 \u043a\u043e\u043d\u0442\u0440\u0430\u0441\u0442\u043d\u043e\u0439 \u043e\u0441\u0432\u0435\u0449\u0451\u043d\u043d\u043e\u0441\u0442\u0438 \u2014 \u0441 \u043c\u0438\u043d\u0438\u043c\u0430\u043b\u044c\u043d\u044b\u043c\u0438 \u0448\u0443\u043c\u0430\u043c\u0438.",
    "published_at": "2019-12-01T14:16:21Z",
    "image": "Xiaomi_banner.png",
    "slug": "akula-s-krepkimi-zubami",
    "products": [
      19
    ]
  }
},
{
  "model": "app_articles.article",
  "pk": 4,
  "fields": {
    "section": 3,
    "title": "\u0412\u0430\u0442\u043d\u0438\u043a - \u044d\u0442\u043e \u043d\u0430\u0448\u0435 \u0432\u0441\u0451...",
    "text": "\u0422\u0435\u043b\u043e\u0433\u0440\u0435\u0439\u043a\u0430 \u2014 \u043a\u0443\u0440\u0442\u043a\u0430 \u0432\u0430\u0442\u043d\u0430\u044f \u043e\u0434\u043d\u043e\u0431\u043e\u0440\u0442\u043d\u0430\u044f, \u043f\u0440\u044f\u043c\u043e\u0433\u043e \u043f\u043e\u043a\u0440\u043e\u044f, \u0437\u0430\u0441\u0442\u0451\u0433\u0438\u0432\u0430\u0435\u0442\u0441\u044f \u043f\u043e \u0431\u043e\u0440\u0442\u0443 \u0434\u043e\u0432\u0435\u0440\u0445\u0443 \u043d\u0430 4 \u043f\u0443\u0433\u043e\u0432\u0438\u0446\u044b \u0438\u043c\u0435\u044e\u0449\u0438\u043c\u0438\u0441\u044f \u0432 \u043b\u0435\u0432\u043e\u043c \u0431\u043e\u0440\u0442\u0435 \u0447\u0435\u0442\u044b\u0440\u044c\u043c\u044f \u043f\u0440\u0438\u0448\u0438\u0432\u043d\u044b\u043c\u0438 \u043f\u0435\u0442\u043b\u044f\u043c\u0438 (\u0448\u043b\u0435\u0432\u043a\u0430\u043c\u0438). \r\n\u041f\u043e\u043b\u044b \u043f\u0440\u044f\u043c\u044b\u0435 \u0431\u0435\u0437 \u0432\u044b\u0442\u0430\u0447\u0435\u043a, \u0441 \u0431\u043e\u043a\u043e\u0432\u044b\u043c\u0438 \u043d\u0430\u043a\u043b\u0430\u0434\u043d\u044b\u043c\u0438 \u043a\u0430\u0440\u043c\u0430\u043d\u0430\u043c\u0438, \u043f\u0440\u043e\u0441\u0442\u0451\u0433\u0430\u043d\u043d\u044b\u0435 \u0441\u043a\u0432\u043e\u0437\u044c \u0432\u0435\u0440\u0445, \u0432\u0430\u0442\u0443 \u0438 \u043f\u043e\u0434\u043a\u043b\u0430\u0434\u043a\u0443 \u043f\u0430\u0440\u0430\u043b\u043b\u0435\u043b\u044c\u043d\u044b\u043c\u0438 \u0434\u043e\u043b\u0435\u0432\u044b\u043c\u0438 \u043c\u0430\u0448\u0438\u043d\u043d\u044b\u043c\u0438 \u0441\u0442\u0440\u043e\u0447\u043a\u0430\u043c\u0438. \u0420\u0430\u0441\u0441\u0442\u043e\u044f\u043d\u0438\u0435 \u043c\u0435\u0436\u0434\u0443 \u043f\u0440\u043e\u0441\u0442\u0451\u0436\u043a\u0430\u043c\u0438 6 \u0441\u043c. \r\n\u0421\u043f\u0438\u043d\u043a\u0430 \u043f\u0440\u044f\u043c\u0430\u044f, \u0446\u0435\u043b\u044c\u043d\u0430\u044f \u0438\u043b\u0438 \u0441 \u0434\u043e\u043b\u0435\u0432\u044b\u043c \u0448\u0432\u043e\u043c \u043f\u043e\u0441\u0435\u0440\u0435\u0434\u0438\u043d\u0435, \u043d\u0430 \u0442\u0430\u043b\u0438\u0438 \u0441\u0442\u044f\u0433\u0438\u0432\u0430\u0435\u0442\u0441\u044f \u0437\u0430\u0442\u044f\u0436\u043d\u0438\u043a\u0430\u043c\u0438 \u0441 \u043c\u0435\u0442\u0430\u043b\u043b\u0438\u0447\u0435\u0441\u043a\u043e\u0439 \u043f\u0440\u044f\u0436\u043a\u043e\u0439. \u041f\u0440\u043e\u0441\u0442\u0451\u0436\u043a\u0430 \u0441\u043f\u0438\u043d\u043a\u0438 \u043e\u0434\u0438\u043d\u0430\u043a\u043e\u0432\u0430 \u0441 \u043f\u043e\u043b\u043e\u0439. \r\n\u0412\u043e\u0440\u043e\u0442\u043d\u0438\u043a \u0441\u0442\u043e\u044f\u0447\u0438\u0439 \u043c\u044f\u0433\u043a\u0438\u0439, \u0437\u0430\u0441\u0442\u0451\u0433\u0438\u0432\u0430\u0435\u0442\u0441\u044f \u043d\u0430 \u043e\u0434\u043d\u0443 \u043f\u0443\u0433\u043e\u0432\u0438\u0446\u0443 \u0448\u043b\u0435\u0432\u043a\u043e\u0439, \u043f\u0440\u0438\u0448\u0438\u0442\u043e\u044e \u043a \u043b\u0435\u0432\u043e\u043c\u0443 \u0435\u0433\u043e \u043a\u043e\u043d\u0446\u0443. \u0412\u044b\u0441\u043e\u0442\u0430 \u0432\u043e\u0440\u043e\u0442\u043d\u0438\u043a\u0430 \u2014 3 \u0441\u043c. \r\n\u0420\u0443\u043a\u0430\u0432\u0430 \u043e\u0434\u043d\u043e\u0448\u043e\u0432\u043d\u044b\u0435, \u0437\u0430\u043a\u0430\u043d\u0447\u0438\u0432\u0430\u044e\u0442\u0441\u044f \u0432\u043d\u0438\u0437\u0443 \u043d\u0435\u0431\u043e\u043b\u044c\u0448\u043e\u0439 \u0448\u043b\u0438\u0446\u0435\u0439 \u0438 \u043c\u0430\u043d\u0436\u0435\u0442\u0430\u043c\u0438, \u0437\u0430\u0441\u0442\u0451\u0433\u0438\u0432\u0430\u044e\u0449\u0438\u043c\u0438\u0441\u044f \u043d\u0430 \u043e\u0434\u043d\u0443 \u043f\u0443\u0433\u043e\u0432\u0438\u0446\u0443 \u0448\u043b\u0435\u0432\u043a\u043e\u0439, \u043f\u0440\u0438\u0448\u0438\u0442\u043e\u0439 \u043a \u043a\u043e\u043d\u0446\u0443 \u0432\u0435\u0440\u0445\u043d\u0435\u0439 \u043f\u043e\u043b\u043e\u0432\u0438\u043d\u043a\u0438 \u043c\u0430\u043d\u0436\u0435\u0442\u0430",
    "published_at": "2015-05-01T15:01:00Z",
    "image": "Vatnik_banner.jpg",
    "slug": "vatnik-eto-nashe-vsyo",
    "products": [
      24
    ]
  }
},
{
  "model": "app_articles.article",
  "pk": 5,
  "fields": {
    "section": 3,
    "title": "\u0412\u044b\u0436\u0438\u0432\u0430\u0435\u043c \u0432 \u043b\u0435\u0441\u0443",
    "text": "\u0421\u043e\u0432\u0440\u0435\u043c\u0435\u043d\u043d\u044b\u0435 \u043d\u0430\u0431\u043e\u0440\u044b \u0434\u043b\u044f \u0432\u044b\u0436\u0438\u0432\u0430\u043d\u0438\u044f \u0432 \u044d\u043a\u0441\u0442\u0440\u0435\u043c\u0430\u043b\u044c\u043d\u044b\u0445 \u0443\u0441\u043b\u043e\u0432\u0438\u044f\u0445 \u0432\u043a\u043b\u044e\u0447\u0430\u044e\u0442 \u043c\u0438\u043d\u0438\u043c\u0430\u043b\u044c\u043d\u043e \u043d\u0435\u043e\u0431\u0445\u043e\u0434\u0438\u043c\u044b\u0439 \u043a\u043e\u043c\u043f\u043b\u0435\u043a\u0442 \u0438\u043d\u0441\u0442\u0440\u0443\u043c\u0435\u043d\u0442\u043e\u0432, \u043a\u043e\u0442\u043e\u0440\u044b\u0435 \u043c\u043e\u0433\u0443\u0442 \u043f\u0440\u0438\u0433\u043e\u0434\u0438\u0442\u044c\u0441\u044f \u0447\u0435\u043b\u043e\u0432\u0435\u043a\u0443, \u043d\u0430\u0445\u043e\u0434\u044f\u0449\u0435\u043c\u0443\u0441\u044f \u0432\u0434\u0430\u043b\u0438 \u043e\u0442 \u0431\u043b\u0430\u0433 \u0446\u0438\u0432\u0438\u043b\u0438\u0437\u0430\u0446\u0438\u0438. \u0415\u0441\u043b\u0438 \u0432\u044b \u043f\u043b\u0430\u043d\u0438\u0440\u0443\u0435\u0442 \u043e\u0442\u043f\u0440\u0430\u0432\u0438\u0442\u044c\u0441\u044f \u0432 \u043f\u043e\u0445\u043e\u0434, \u043d\u0430 \u0440\u044b\u0431\u0430\u043b\u043a\u0443, \u043f\u0438\u043a\u043d\u0438\u043a \u0438\u043b\u0438 \u0432 \u043f\u0443\u0442\u0435\u0448\u0435\u0441\u0442\u0432\u0438\u0435, \u0441\u043e\u0432\u0435\u0440\u0448\u0435\u043d\u043d\u043e \u043d\u0435 \u043b\u0438\u0448\u043d\u0438\u043c \u0431\u0443\u0434\u0435\u0442 \u043a\u0443\u043f\u0438\u0442\u044c \u043c\u043d\u043e\u0433\u043e\u0444\u0443\u043d\u043a\u0446\u0438\u043e\u043d\u0430\u043b\u044c\u043d\u044b\u0439 \u043d\u0430\u0431\u043e\u0440 \u0432\u044b\u0436\u0438\u0432\u0430\u043d\u0438\u044f \u0441 \u043d\u043e\u0436\u043e\u043c \u0438 \u043f\u0440\u043e\u0447\u0438\u043c\u0438 \u0431\u0430\u0437\u043e\u0432\u044b\u043c\u0438 \u0438\u043d\u0441\u0442\u0440\u0443\u043c\u0435\u043d\u0442\u0430\u043c\u0438.\r\n\r\n\u0418\u0442\u0430\u043a, \u043c\u044b \u0432\u0430\u043c \u043f\u0440\u0435\u0434\u043b\u0430\u0433\u0430\u0435\u043c \u0441\u0430\u043c\u044b\u0439-\u0441\u0430\u043c\u044b\u0439 \u043e\u043f\u0442\u0438\u043c\u0430\u043b\u044c\u043d\u044b\u0439 \u043d\u0430\u0431\u043e\u0440:",
    "published_at": "2016-07-18T15:10:11Z",
    "image": "Forest_banner.jpg",
    "slug": "vyzhivaem-v-lesu",
    "products": [
      15,
      20,
      22,
      23,
      24,
      25
    ]
  }
},
{
  "model": "app_articles.article",
  "pk": 6,
  "fields": {
    "section": 3,
    "title": "\u041a\u043e\u043c\u0431\u0438\u043d\u0430\u0446\u0438\u044f \u0441 \u0444\u0443\u0444\u0430\u0439\u043a\u043e\u0439",
    "text": "\u0420\u0430\u043d\u0435\u0435 \u0444\u0443\u0444\u0430\u0439\u043a\u043e\u0439 \u043d\u0430\u0437\u044b\u0432\u0430\u043b\u0438 \u043b\u044e\u0431\u0443\u044e \u0443\u0442\u0435\u043f\u043b\u044f\u044e\u0449\u0443\u044e \u043e\u0434\u0435\u0436\u0434\u0443: \u043a\u043e\u0444\u0442\u044b, \u0441\u0432\u0438\u0442\u0435\u0440\u0430, \u0434\u0430\u0436\u0435 \u0432\u0430\u0442\u043d\u0438\u043a\u0438. \u0412 \u044d\u0442\u043e\u043c \u0441\u043c\u044b\u0441\u043b\u0435 \u0444\u0443\u0444\u0430\u0439\u043a\u0430 \u043f\u043e\u0445\u043e\u0436\u0430 \u043d\u0430 \u0441\u0432\u0438\u0442\u0435\u0440, \u0434\u0436\u0435\u043c\u043f\u0435\u0440, \u043f\u0443\u043b\u043e\u0432\u0435\u0440, \u0432\u043e\u0434\u043e\u043b\u0430\u0437\u043a\u0443, \u043a\u043e\u0444\u0442\u0443, \u043a\u0430\u0440\u0434\u0438\u0433\u0430\u043d, \u0442\u043e\u043b\u0441\u0442\u043e\u0432\u043a\u0443, \u043e\u0442\u043b\u0438\u0447\u0430\u0435\u0442\u0441\u044f \u043c\u0430\u0442\u0435\u0440\u0438\u0430\u043b\u043e\u043c (\u0432\u044f\u0437\u0430\u043d\u044b\u0439 \u0438\u043b\u0438 \u0442\u0440\u0438\u043a\u043e\u0442\u0430\u0436\u043d\u044b\u0439) \u0438 \u043d\u0435\u044d\u043b\u0435\u0433\u0430\u043d\u0442\u043d\u043e\u0441\u0442\u044c\u044e=. \u0418\u043d\u043e\u0433\u0434\u0430 \u0438\u0441\u043f\u043e\u043b\u044c\u0437\u0443\u0435\u0442\u0441\u044f \u043a\u0430\u043a \u043e\u0431\u043e\u0431\u0449\u0430\u044e\u0449\u0435\u0435 \u043d\u0430\u0437\u0432\u0430\u043d\u0438\u0435 \u043f\u0440\u0435\u0434\u043c\u0435\u0442\u043e\u0432 \u043e\u0434\u0435\u0436\u0434\u044b \u0432 \u044d\u0442\u043e\u0439 \u0433\u0440\u0443\u043f\u043f\u0435: \u00ab\u041f\u0443\u043b\u043e\u0432\u0435\u0440. \u0422\u0440\u0438\u043a\u043e\u0442\u0430\u0436\u043d\u0430\u044f \u0444\u0443\u0444\u0430\u0439\u043a\u0430 \u0431\u0435\u0437 \u0432\u043e\u0440\u043e\u0442\u043d\u0438\u043a\u0430 \u0438 \u0431\u0435\u0437 \u0437\u0430\u0441\u0442\u0435\u0436\u0435\u043a, \u043f\u043b\u043e\u0442\u043d\u043e \u043e\u0431\u043b\u0435\u0433\u0430\u044e\u0449\u0430\u044f \u0444\u0438\u0433\u0443\u0440\u0443\u00bb. \u0412 \u0441\u043e\u0432\u0440\u0435\u043c\u0435\u043d\u043d\u043e\u043c \u0443\u043f\u043e\u0442\u0440\u0435\u0431\u043b\u0435\u043d\u0438\u0438 \u043f\u0440\u0430\u043a\u0442\u0438\u0447\u0435\u0441\u043a\u0438 \u0432\u044b\u0442\u0435\u0441\u043d\u0435\u043d\u043e \u0441\u043b\u043e\u0432\u043e\u043c \u00ab\u0441\u0432\u0438\u0442\u0435\u0440\u00bb (\u0432 \u044d\u043a\u0441\u043f\u0435\u0440\u0438\u043c\u0435\u043d\u0442\u0435, \u0433\u0434\u0435 \u043d\u043e\u0441\u0438\u0442\u0435\u043b\u044f\u043c \u044f\u0437\u044b\u043a\u0430 \u043f\u0440\u0435\u0434\u043b\u0430\u0433\u0430\u043b\u0438 \u043e\u043f\u0438\u0441\u0430\u0442\u044c \u043e\u0434\u0435\u0436\u0434\u0443 \u043b\u044e\u0434\u0435\u0439, 524 \u0440\u0430\u0437\u0430 \u0431\u044b\u043b \u0438\u0441\u043f\u043e\u043b\u044c\u0437\u043e\u0432\u0430\u043d \u00ab\u0441\u0432\u0438\u0442\u0435\u0440\u00bb \u0438 \u043b\u0438\u0448\u044c 2 \u0440\u0430\u0437\u0430 \u2014 \u00ab\u0444\u0443\u0444\u0430\u0439\u043a\u0430\u00bb). \r\n\u0423\u0448\u0430\u043a\u043e\u0432 \u0434\u0430\u0451\u0442 \u00ab\u0444\u0443\u0444\u0430\u0439\u043a\u0435\u00bb \u043e\u0434\u043d\u043e \u0437\u043d\u0430\u0447\u0435\u043d\u0438\u0435: \u00ab\u0422\u0451\u043f\u043b\u0430\u044f \u0432\u044f\u0437\u0430\u043d\u0430\u044f \u0440\u0443\u0431\u0430\u0448\u043a\u0430 \u0431\u0435\u0437 \u0440\u0443\u043a\u0430\u0432\u043e\u0432 \u0438\u043b\u0438 \u0441 \u0440\u0443\u043a\u0430\u0432\u0430\u043c\u0438, \u043d\u0430\u0434\u0435\u0432\u0430\u0435\u043c\u0430\u044f \u0432\u043d\u0438\u0437 \u0434\u043b\u044f \u0442\u0435\u043f\u043b\u0430 \u0438\u043b\u0438 \u043d\u0430\u0434\u0435\u0432\u0430\u0435\u043c\u0430\u044f \u0441\u0432\u0435\u0440\u0445\u0443\u00bb. \u0412 \u043f\u0435\u0440\u0432\u043e\u043c \u0438\u0437\u0434. \u041e\u0436\u0435\u0433\u043e\u0432\u0430 (1949) \u2014 \u0442\u043e \u0436\u0435 \u0441\u0430\u043c\u043e\u0435 (\u00ab\u0422\u0451\u043f\u043b\u0430\u044f \u0432\u044f\u0437\u0430\u043d\u0430\u044f \u0440\u0443\u0431\u0430\u0448\u043a\u0430\u00bb). \u0412 \u0438\u0437\u0434\u0430\u043d\u0438\u0438 \u041e\u0436\u0435\u0433\u043e\u0432\u0430-\u0428\u0432\u0435\u0434\u043e\u0432\u043e\u0439 (4 \u0438\u0437\u0434.) \u2014 \u0434\u0432\u0430 \u0437\u043d\u0430\u0447\u0435\u043d\u0438\u044f: \u00ab1. \u0422\u0451\u043f\u043b\u0430\u044f \u0432\u044f\u0437\u0430\u043d\u0430\u044f \u0440\u0443\u0431\u0430\u0448\u043a\u0430. 2. \u0422\u043e \u0436\u0435, \u0447\u0442\u043e \u0432\u0430\u0442\u043d\u0438\u043a (\u043f\u0440\u043e\u0441\u0442.)\u00bb. \u041f\u0440\u0438\u043c\u0435\u0440\u043d\u043e \u0442\u043e \u0436\u0435 \u0438 \u0432 \u0411\u0422\u0421: \u00ab1. \u0422\u0451\u043f\u043b\u0430\u044f \u0432\u044f\u0437\u0430\u043d\u0430\u044f \u0448\u0435\u0440\u0441\u0442\u044f\u043d\u0430\u044f \u0438\u043b\u0438 \u0431\u0430\u0439\u043a\u043e\u0432\u0430\u044f \u0440\u0443\u0431\u0430\u0448\u043a\u0430 \u0438\u043b\u0438 \u0431\u0435\u0437\u0440\u0443\u043a\u0430\u0432\u043a\u0430; \u0441\u0432\u0438\u0442\u0435\u0440. 2. \u0421\u0442\u0451\u0433\u0430\u043d\u0430\u044f \u0432\u0430\u0442\u043d\u0430\u044f \u043a\u0443\u0440\u0442\u043a\u0430; \u0432\u0430\u0442\u043d\u0438\u043a\u00bb. \u0412 \u0442\u043e\u043b\u043a\u043e\u0432\u0430\u043d\u0438\u0438 \u043f\u043e\u044f\u0432\u043b\u044f\u0435\u0442\u0441\u044f \u0432 \u043e\u0431\u043e\u0438\u0445 \u0441\u043b\u0443\u0447\u0430\u044f\u0445 \u00ab\u0432\u0430\u0442\u043d\u0438\u043a\u00bb, \u043d\u0435 \u00ab\u0442\u0435\u043b\u043e\u0433\u0440\u0435\u0439\u043a\u0430\u00bb. \u0412 \u041f\u043e\u043b\u044c\u0448\u0435 \u043d\u0430\u0437\u044b\u0432\u0430\u043b\u0430\u0441\u044c \u043a\u0443\u0444\u0430\u0439\u043a\u043e\u0439 (\u043f\u043e\u043b\u044c\u0441\u043a. Kufajka). \u0418\u043e\u043c\u0434\u0438\u043d \u043e\u0442\u043c\u0435\u0447\u0430\u0435\u0442 \u0440\u0435\u0433\u0438\u043e\u043d\u0430\u043b\u044c\u043d\u044b\u0439 \u0445\u0430\u0440\u0430\u043a\u0442\u0435\u0440 \u0442\u0430\u043a\u043e\u0433\u043e \u0441\u043b\u043e\u0432\u043e\u0443\u043f\u043e\u0442\u0440\u0435\u0431\u043b\u0435\u043d\u0438\u044f[.",
    "published_at": "2018-01-01T00:00:00Z",
    "image": "Fufa_banner.jpg",
    "slug": "kombinaciya-s-fufajkoj",
    "products": [
      23,
      25
    ]
  }
},
{
  "model": "auth.permission",
  "pk": 1,
  "fields": {
    "name": "Can add log entry",
    "content_type": 1,
    "codename": "add_logentry"
  }
},
{
  "model": "auth.permission",
  "pk": 2,
  "fields": {
    "name": "Can change log entry",
    "content_type": 1,
    "codename": "change_logentry"
  }
},
{
  "model": "auth.permission",
  "pk": 3,
  "fields": {
    "name": "Can delete log entry",
    "content_type": 1,
    "codename": "delete_logentry"
  }
},
{
  "model": "auth.permission",
  "pk": 4,
  "fields": {
    "name": "Can add permission",
    "content_type": 2,
    "codename": "add_permission"
  }
},
{
  "model": "auth.permission",
  "pk": 5,
  "fields": {
    "name": "Can change permission",
    "content_type": 2,
    "codename": "change_permission"
  }
},
{
  "model": "auth.permission",
  "pk": 6,
  "fields": {
    "name": "Can delete permission",
    "content_type": 2,
    "codename": "delete_permission"
  }
},
{
  "model": "auth.permission",
  "pk": 7,
  "fields": {
    "name": "Can add group",
    "content_type": 3,
    "codename": "add_group"
  }
},
{
  "model": "auth.permission",
  "pk": 8,
  "fields": {
    "name": "Can change group",
    "content_type": 3,
    "codename": "change_group"
  }
},
{
  "model": "auth.permission",
  "pk": 9,
  "fields": {
    "name": "Can delete group",
    "content_type": 3,
    "codename": "delete_group"
  }
},
{
  "model": "auth.permission",
  "pk": 10,
  "fields": {
    "name": "Can add user",
    "content_type": 4,
    "codename": "add_user"
  }
},
{
  "model": "auth.permission",
  "pk": 11,
  "fields": {
    "name": "Can change user",
    "content_type": 4,
    "codename": "change_user"
  }
},
{
  "model": "auth.permission",
  "pk": 12,
  "fields": {
    "name": "Can delete user",
    "content_type": 4,
    "codename": "delete_user"
  }
},
{
  "model": "auth.permission",
  "pk": 13,
  "fields": {
    "name": "Can add content type",
    "content_type": 5,
    "codename": "add_contenttype"
  }
},
{
  "model": "auth.permission",
  "pk": 14,
  "fields": {
    "name": "Can change content type",
    "content_type": 5,
    "codename": "change_contenttype"
  }
},
{
  "model": "auth.permission",
  "pk": 15,
  "fields": {
    "name": "Can delete content type",
    "content_type": 5,
    "codename": "delete_contenttype"
  }
},
{
  "model": "auth.permission",
  "pk": 16,
  "fields": {
    "name": "Can add session",
    "content_type": 6,
    "codename": "add_session"
  }
},
{
  "model": "auth.permission",
  "pk": 17,
  "fields": {
    "name": "Can change session",
    "content_type": 6,
    "codename": "change_session"
  }
},
{
  "model": "auth.permission",
  "pk": 18,
  "fields": {
    "name": "Can delete session",
    "content_type": 6,
    "codename": "delete_session"
  }
},
{
  "model": "auth.permission",
  "pk": 19,
  "fields": {
    "name": "Can add cart",
    "content_type": 7,
    "codename": "add_cart"
  }
},
{
  "model": "auth.permission",
  "pk": 20,
  "fields": {
    "name": "Can change cart",
    "content_type": 7,
    "codename": "change_cart"
  }
},
{
  "model": "auth.permission",
  "pk": 21,
  "fields": {
    "name": "Can delete cart",
    "content_type": 7,
    "codename": "delete_cart"
  }
},
{
  "model": "auth.permission",
  "pk": 22,
  "fields": {
    "name": "Can add cultural",
    "content_type": 8,
    "codename": "add_cultural"
  }
},
{
  "model": "auth.permission",
  "pk": 23,
  "fields": {
    "name": "Can change cultural",
    "content_type": 8,
    "codename": "change_cultural"
  }
},
{
  "model": "auth.permission",
  "pk": 24,
  "fields": {
    "name": "Can delete cultural",
    "content_type": 8,
    "codename": "delete_cultural"
  }
},
{
  "model": "auth.permission",
  "pk": 25,
  "fields": {
    "name": "Can add miscellaneous",
    "content_type": 9,
    "codename": "add_miscellaneous"
  }
},
{
  "model": "auth.permission",
  "pk": 26,
  "fields": {
    "name": "Can change miscellaneous",
    "content_type": 9,
    "codename": "change_miscellaneous"
  }
},
{
  "model": "auth.permission",
  "pk": 27,
  "fields": {
    "name": "Can delete miscellaneous",
    "content_type": 9,
    "codename": "delete_miscellaneous"
  }
},
{
  "model": "auth.permission",
  "pk": 28,
  "fields": {
    "name": "Can add phone",
    "content_type": 10,
    "codename": "add_phone"
  }
},
{
  "model": "auth.permission",
  "pk": 29,
  "fields": {
    "name": "Can change phone",
    "content_type": 10,
    "codename": "change_phone"
  }
},
{
  "model": "auth.permission",
  "pk": 30,
  "fields": {
    "name": "Can delete phone",
    "content_type": 10,
    "codename": "delete_phone"
  }
},
{
  "model": "auth.permission",
  "pk": 31,
  "fields": {
    "name": "Can add product",
    "content_type": 11,
    "codename": "add_product"
  }
},
{
  "model": "auth.permission",
  "pk": 32,
  "fields": {
    "name": "Can change product",
    "content_type": 11,
    "codename": "change_product"
  }
},
{
  "model": "auth.permission",
  "pk": 33,
  "fields": {
    "name": "Can delete product",
    "content_type": 11,
    "codename": "delete_product"
  }
},
{
  "model": "auth.permission",
  "pk": 34,
  "fields": {
    "name": "Can add review",
    "content_type": 12,
    "codename": "add_review"
  }
},
{
  "model": "auth.permission",
  "pk": 35,
  "fields": {
    "name": "Can change review",
    "content_type": 12,
    "codename": "change_review"
  }
},
{
  "model": "auth.permission",
  "pk": 36,
  "fields": {
    "name": "Can delete review",
    "content_type": 12,
    "codename": "delete_review"
  }
},
{
  "model": "auth.permission",
  "pk": 37,
  "fields": {
    "name": "Can add section",
    "content_type": 13,
    "codename": "add_section"
  }
},
{
  "model": "auth.permission",
  "pk": 38,
  "fields": {
    "name": "Can change section",
    "content_type": 13,
    "codename": "change_section"
  }
},
{
  "model": "auth.permission",
  "pk": 39,
  "fields": {
    "name": "Can delete section",
    "content_type": 13,
    "codename": "delete_section"
  }
},
{
  "model": "auth.permission",
  "pk": 40,
  "fields": {
    "name": "Can add \u0422\u043e\u0432\u0430\u0440 \u0432 \u043a\u043e\u0440\u0437\u0438\u043d\u0435",
    "content_type": 14,
    "codename": "add_productsincart"
  }
},
{
  "model": "auth.permission",
  "pk": 41,
  "fields": {
    "name": "Can change \u0422\u043e\u0432\u0430\u0440 \u0432 \u043a\u043e\u0440\u0437\u0438\u043d\u0435",
    "content_type": 14,
    "codename": "change_productsincart"
  }
},
{
  "model": "auth.permission",
  "pk": 42,
  "fields": {
    "name": "Can delete \u0422\u043e\u0432\u0430\u0440 \u0432 \u043a\u043e\u0440\u0437\u0438\u043d\u0435",
    "content_type": 14,
    "codename": "delete_productsincart"
  }
},
{
  "model": "auth.permission",
  "pk": 43,
  "fields": {
    "name": "Can add \u0421\u0442\u0430\u0442\u044c\u044f",
    "content_type": 15,
    "codename": "add_article"
  }
},
{
  "model": "auth.permission",
  "pk": 44,
  "fields": {
    "name": "Can change \u0421\u0442\u0430\u0442\u044c\u044f",
    "content_type": 15,
    "codename": "change_article"
  }
},
{
  "model": "auth.permission",
  "pk": 45,
  "fields": {
    "name": "Can delete \u0421\u0442\u0430\u0442\u044c\u044f",
    "content_type": 15,
    "codename": "delete_article"
  }
},
{
  "model": "auth.user",
  "pk": 1,
  "fields": {
    "password": "pbkdf2_sha256$100000$U0Mh7UD9o28l$bLJ8v3R7+HKhoxFA1wNpqeKaRUeaWgwEgtfojrl7ABc=",
    "last_login": "2019-12-09T09:05:30.495Z",
    "is_superuser": true,
    "username": "admin",
    "first_name": "",
    "last_name": "",
    "email": "admin@admin.org",
    "is_staff": true,
    "is_active": true,
    "date_joined": "2019-11-26T06:38:38.823Z",
    "groups": [],
    "user_permissions": []
  }
},
{
  "model": "auth.user",
  "pk": 2,
  "fields": {
    "password": "pbkdf2_sha256$100000$sCZf1Emv7eUV$EIexuqm6Q0Nk6dfbygnMJPRHj8VqcyKn98vjVa/bc54=",
    "last_login": "2019-12-09T09:05:09.315Z",
    "is_superuser": false,
    "username": "Ivan",
    "first_name": "Ivan",
    "last_name": "Drago",
    "email": "ivan@mail.ru",
    "is_staff": false,
    "is_active": true,
    "date_joined": "2019-12-09T09:05:08.379Z",
    "groups": [],
    "user_permissions": []
  }
},
{
  "model": "auth.user",
  "pk": 3,
  "fields": {
    "password": "pbkdf2_sha256$100000$LVoDfflHgeCh$UmSw31wAhXAw5OarWZLyNDrLWNo5fcHmfj3lZsvpMQM=",
    "last_login": "2019-12-09T09:42:49.079Z",
    "is_superuser": false,
    "username": "Boris",
    "first_name": "Boris",
    "last_name": "SuperBo",
    "email": "boris@mail.ru",
    "is_staff": false,
    "is_active": true,
    "date_joined": "2019-12-09T09:09:22.367Z",
    "groups": [],
    "user_permissions": []
  }
},
{
  "model": "app_eshop.cart",
  "pk": 1,
  "fields": {
    "user": 1,
    "price": "5130",
    "qty": "8",
    "created_at": "2019-12-05T19:46:34.242Z"
  }
},
{
  "model": "app_eshop.cart",
  "pk": 2,
  "fields": {
    "user": 1,
    "price": "5130",
    "qty": "8",
    "created_at": "2019-12-05T19:46:34.242Z"
  }
},
{
  "model": "app_eshop.cart",
  "pk": 3,
  "fields": {
    "user": 1,
    "price": "5130",
    "qty": "8",
    "created_at": "2019-12-05T19:46:34.242Z"
  }
},
{
  "model": "app_eshop.cart",
  "pk": 4,
  "fields": {
    "user": 1,
    "price": "5130",
    "qty": "8",
    "created_at": "2019-12-05T19:46:34.242Z"
  }
},
{
  "model": "app_eshop.cart",
  "pk": 5,
  "fields": {
    "user": 1,
    "price": "5130",
    "qty": "8",
    "created_at": "2019-12-05T19:46:34.242Z"
  }
},
{
  "model": "app_eshop.cart",
  "pk": 6,
  "fields": {
    "user": 1,
    "price": "5530",
    "qty": "9",
    "created_at": "2019-12-05T19:46:34.242Z"
  }
},
{
  "model": "app_eshop.cart",
  "pk": 7,
  "fields": {
    "user": 1,
    "price": "5930",
    "qty": "10",
    "created_at": "2019-12-05T19:46:34.242Z"
  }
},
{
  "model": "app_eshop.cart",
  "pk": 8,
  "fields": {
    "user": 1,
    "price": "5930",
    "qty": "10",
    "created_at": "2019-12-05T19:46:34.242Z"
  }
},
{
  "model": "app_eshop.cart",
  "pk": 9,
  "fields": {
    "user": 1,
    "price": "25640",
    "qty": "21",
    "created_at": "2019-12-06T21:38:19.888Z"
  }
},
{
  "model": "app_eshop.cart",
  "pk": 10,
  "fields": {
    "user": 1,
    "price": "75640",
    "qty": "22",
    "created_at": "2019-12-06T21:39:39.736Z"
  }
},
{
  "model": "app_eshop.cart",
  "pk": 11,
  "fields": {
    "user": 1,
    "price": "75640",
    "qty": "22",
    "created_at": "2019-12-06T21:40:58.742Z"
  }
},
{
  "model": "app_eshop.cart",
  "pk": 12,
  "fields": {
    "user": 1,
    "price": "75640",
    "qty": "22",
    "created_at": "2019-12-06T21:41:50.082Z"
  }
},
{
  "model": "app_eshop.cart",
  "pk": 13,
  "fields": {
    "user": 1,
    "price": "76040",
    "qty": "23",
    "created_at": "2019-12-06T21:44:04.736Z"
  }
},
{
  "model": "app_eshop.cart",
  "pk": 14,
  "fields": {
    "user": 1,
    "price": "50000",
    "qty": "1",
    "created_at": "2019-12-06T21:55:18.054Z"
  }
},
{
  "model": "app_eshop.cart",
  "pk": 15,
  "fields": {
    "user": 1,
    "price": "15000",
    "qty": "1",
    "created_at": "2019-12-06T21:56:34.360Z"
  }
},
{
  "model": "app_eshop.cart",
  "pk": 16,
  "fields": {
    "user": 1,
    "price": "580",
    "qty": "1",
    "created_at": "2019-12-06T21:57:42.518Z"
  }
},
{
  "model": "app_eshop.cart",
  "pk": 17,
  "fields": {
    "user": 1,
    "price": "7890",
    "qty": "1",
    "created_at": "2019-12-06T21:58:44.564Z"
  }
},
{
  "model": "app_eshop.cart",
  "pk": 18,
  "fields": {
    "user": 1,
    "price": "",
    "qty": "",
    "created_at": "2019-12-06T21:58:53.773Z"
  }
},
{
  "model": "app_eshop.cart",
  "pk": 19,
  "fields": {
    "user": 1,
    "price": "4700",
    "qty": "2",
    "created_at": "2019-12-06T22:01:47.778Z"
  }
},
{
  "model": "app_eshop.cart",
  "pk": 20,
  "fields": {
    "user": 1,
    "price": "580",
    "qty": "1",
    "created_at": "2019-12-06T22:03:12.387Z"
  }
},
{
  "model": "app_eshop.cart",
  "pk": 21,
  "fields": {
    "user": 1,
    "price": "260",
    "qty": "1",
    "created_at": "2019-12-06T22:04:23.133Z"
  }
},
{
  "model": "admin.logentry",
  "pk": 1,
  "fields": {
    "action_time": "2019-11-28T20:54:20.544Z",
    "user": 1,
    "content_type": 13,
    "object_id": "1",
    "object_repr": "Smartphones",
    "action_flag": 1,
    "change_message": "[{\"added\": {}}]"
  }
},
{
  "model": "admin.logentry",
  "pk": 2,
  "fields": {
    "action_time": "2019-11-28T21:08:21.412Z",
    "user": 1,
    "content_type": 13,
    "object_id": "2",
    "object_repr": "Cultural",
    "action_flag": 1,
    "change_message": "[{\"added\": {}}]"
  }
},
{
  "model": "admin.logentry",
  "pk": 3,
  "fields": {
    "action_time": "2019-11-28T21:08:45.407Z",
    "user": 1,
    "content_type": 13,
    "object_id": "3",
    "object_repr": "Miscellaneous",
    "action_flag": 1,
    "change_message": "[{\"added\": {}}]"
  }
},
{
  "model": "admin.logentry",
  "pk": 4,
  "fields": {
    "action_time": "2019-11-28T22:17:30.004Z",
    "user": 1,
    "content_type": 11,
    "object_id": "16",
    "object_repr": "teXet ROCK TM-5201",
    "action_flag": 2,
    "change_message": "[{\"changed\": {\"fields\": [\"section\"]}}]"
  }
},
{
  "model": "admin.logentry",
  "pk": 5,
  "fields": {
    "action_time": "2019-11-28T22:19:10.410Z",
    "user": 1,
    "content_type": 11,
    "object_id": "4",
    "object_repr": "iPhone X",
    "action_flag": 2,
    "change_message": "[{\"changed\": {\"fields\": [\"section\"]}}]"
  }
},
{
  "model": "admin.logentry",
  "pk": 6,
  "fields": {
    "action_time": "2019-11-28T22:19:28.180Z",
    "user": 1,
    "content_type": 11,
    "object_id": "2",
    "object_repr": "iPhone 7",
    "action_flag": 2,
    "change_message": "[{\"changed\": {\"fields\": [\"section\"]}}]"
  }
},
{
  "model": "admin.logentry",
  "pk": 7,
  "fields": {
    "action_time": "2019-11-28T22:19:56.683Z",
    "user": 1,
    "content_type": 11,
    "object_id": "19",
    "object_repr": "Xiaomi Shark AGM X2",
    "action_flag": 2,
    "change_message": "[{\"changed\": {\"fields\": [\"section\"]}}]"
  }
},
{
  "model": "admin.logentry",
  "pk": 8,
  "fields": {
    "action_time": "2019-11-28T22:20:17.832Z",
    "user": 1,
    "content_type": 11,
    "object_id": "18",
    "object_repr": "Vivo V9",
    "action_flag": 2,
    "change_message": "[{\"changed\": {\"fields\": [\"section\"]}}]"
  }
},
{
  "model": "admin.logentry",
  "pk": 9,
  "fields": {
    "action_time": "2019-11-28T22:21:08.680Z",
    "user": 1,
    "content_type": 11,
    "object_id": "17",
    "object_repr": "Vertex Impress Omega",
    "action_flag": 2,
    "change_message": "[{\"changed\": {\"fields\": [\"section\"]}}]"
  }
},
{
  "model": "admin.logentry",
  "pk": 10,
  "fields": {
    "action_time": "2019-11-28T22:22:37.106Z",
    "user": 1,
    "content_type": 13,
    "object_id": "4",
    "object_repr": "Accessories",
    "action_flag": 1,
    "change_message": "[{\"added\": {}}]"
  }
},
{
  "model": "admin.logentry",
  "pk": 11,
  "fields": {
    "action_time": "2019-11-28T22:23:10.306Z",
    "user": 1,
    "content_type": 11,
    "object_id": "6",
    "object_repr": "Samsung Galaxy Edge 2",
    "action_flag": 2,
    "change_message": "[{\"changed\": {\"fields\": [\"section\"]}}]"
  }
},
{
  "model": "admin.logentry",
  "pk": 12,
  "fields": {
    "action_time": "2019-11-28T22:23:28.721Z",
    "user": 1,
    "content_type": 11,
    "object_id": "7",
    "object_repr": "Samsung 8",
    "action_flag": 2,
    "change_message": "[{\"changed\": {\"fields\": [\"section\"]}}]"
  }
},
{
  "model": "admin.logentry",
  "pk": 13,
  "fields": {
    "action_time": "2019-11-28T22:26:05.346Z",
    "user": 1,
    "content_type": 11,
    "object_id": "15",
    "object_repr": "Runbo",
    "action_flag": 2,
    "change_message": "[{\"changed\": {\"fields\": [\"section\"]}}]"
  }
},
{
  "model": "admin.logentry",
  "pk": 14,
  "fields": {
    "action_time": "2019-11-28T22:26:20.923Z",
    "user": 1,
    "content_type": 11,
    "object_id": "3",
    "object_repr": "Pixel 2",
    "action_flag": 2,
    "change_message": "[{\"changed\": {\"fields\": [\"section\"]}}]"
  }
},
{
  "model": "admin.logentry",
  "pk": 15,
  "fields": {
    "action_time": "2019-11-28T22:26:34.640Z",
    "user": 1,
    "content_type": 11,
    "object_id": "5",
    "object_repr": "Nokia 8",
    "action_flag": 2,
    "change_message": "[{\"changed\": {\"fields\": [\"section\"]}}]"
  }
},
{
  "model": "admin.logentry",
  "pk": 16,
  "fields": {
    "action_time": "2019-11-28T22:26:58.256Z",
    "user": 1,
    "content_type": 11,
    "object_id": "1",
    "object_repr": "Nexus 5x",
    "action_flag": 2,
    "change_message": "[{\"changed\": {\"fields\": [\"section\"]}}]"
  }
},
{
  "model": "admin.logentry",
  "pk": 17,
  "fields": {
    "action_time": "2019-11-28T22:27:13.729Z",
    "user": 1,
    "content_type": 11,
    "object_id": "13",
    "object_repr": "LG Leon H324",
    "action_flag": 2,
    "change_message": "[{\"changed\": {\"fields\": [\"section\"]}}]"
  }
},
{
  "model": "admin.logentry",
  "pk": 18,
  "fields": {
    "action_time": "2019-11-28T22:27:30.053Z",
    "user": 1,
    "content_type": 11,
    "object_id": "12",
    "object_repr": "LG K8",
    "action_flag": 2,
    "change_message": "[{\"changed\": {\"fields\": [\"section\"]}}]"
  }
},
{
  "model": "admin.logentry",
  "pk": 19,
  "fields": {
    "action_time": "2019-11-28T22:27:45.032Z",
    "user": 1,
    "content_type": 11,
    "object_id": "11",
    "object_repr": "Huawei Y5",
    "action_flag": 2,
    "change_message": "[{\"changed\": {\"fields\": [\"section\"]}}]"
  }
},
{
  "model": "admin.logentry",
  "pk": 20,
  "fields": {
    "action_time": "2019-11-28T22:27:59.252Z",
    "user": 1,
    "content_type": 11,
    "object_id": "10",
    "object_repr": "HTC Desire 650",
    "action_flag": 2,
    "change_message": "[{\"changed\": {\"fields\": [\"section\"]}}]"
  }
},
{
  "model": "admin.logentry",
  "pk": 21,
  "fields": {
    "action_time": "2019-11-28T22:28:15.418Z",
    "user": 1,
    "content_type": 11,
    "object_id": "9",
    "object_repr": "Caterpillar S31",
    "action_flag": 2,
    "change_message": "[{\"changed\": {\"fields\": [\"section\"]}}]"
  }
},
{
  "model": "admin.logentry",
  "pk": 22,
  "fields": {
    "action_time": "2019-11-28T22:28:30.446Z",
    "user": 1,
    "content_type": 11,
    "object_id": "14",
    "object_repr": "Motorola Moto X",
    "action_flag": 2,
    "change_message": "[{\"changed\": {\"fields\": [\"section\"]}}]"
  }
},
{
  "model": "admin.logentry",
  "pk": 23,
  "fields": {
    "action_time": "2019-11-28T22:28:45.269Z",
    "user": 1,
    "content_type": 11,
    "object_id": "8",
    "object_repr": "Archos Access 50",
    "action_flag": 2,
    "change_message": "[{\"changed\": {\"fields\": [\"section\"]}}]"
  }
},
{
  "model": "admin.logentry",
  "pk": 24,
  "fields": {
    "action_time": "2019-11-28T22:29:36.273Z",
    "user": 1,
    "content_type": 11,
    "object_id": "21",
    "object_repr": "\u0411\u0430\u043b\u0430\u043b\u0430\u0439\u043a\u0430 \u0430\u0440\u0442\u043e\u0432\u0430\u044f",
    "action_flag": 2,
    "change_message": "[{\"changed\": {\"fields\": [\"section\"]}}]"
  }
},
{
  "model": "admin.logentry",
  "pk": 25,
  "fields": {
    "action_time": "2019-11-28T22:29:49.344Z",
    "user": 1,
    "content_type": 11,
    "object_id": "22",
    "object_repr": "\u0413\u0430\u0440\u043c\u043e\u043d\u044c \u0428\u0443\u0439\u0441\u043a\u0430\u044f",
    "action_flag": 2,
    "change_message": "[{\"changed\": {\"fields\": [\"section\"]}}]"
  }
},
{
  "model": "admin.logentry",
  "pk": 26,
  "fields": {
    "action_time": "2019-11-28T22:30:06.725Z",
    "user": 1,
    "content_type": 11,
    "object_id": "20",
    "object_repr": "\u0412\u0435\u0434\u043c\u0435\u0434\u0438\u043a \u0414\u043e\u0431\u0440\u044b\u0439",
    "action_flag": 2,
    "change_message": "[{\"changed\": {\"fields\": [\"section\"]}}]"
  }
},
{
  "model": "admin.logentry",
  "pk": 27,
  "fields": {
    "action_time": "2019-11-28T22:30:21.178Z",
    "user": 1,
    "content_type": 11,
    "object_id": "25",
    "object_repr": "\u0412\u043e\u0434\u043a\u0430 \u041f\u0440\u043e\u0441\u0442\u0430\u044f",
    "action_flag": 2,
    "change_message": "[{\"changed\": {\"fields\": [\"section\"]}}]"
  }
},
{
  "model": "admin.logentry",
  "pk": 28,
  "fields": {
    "action_time": "2019-11-28T22:30:36.422Z",
    "user": 1,
    "content_type": 11,
    "object_id": "24",
    "object_repr": "\u0412\u0430\u0442\u043d\u0438\u043a",
    "action_flag": 2,
    "change_message": "[{\"changed\": {\"fields\": [\"section\"]}}]"
  }
},
{
  "model": "admin.logentry",
  "pk": 29,
  "fields": {
    "action_time": "2019-11-28T22:30:51.844Z",
    "user": 1,
    "content_type": 11,
    "object_id": "23",
    "object_repr": "\u0424\u0443\u0444\u0430\u0439\u043a\u0430 \u0422\u0435\u043b\u044c\u043d\u0438\u043a",
    "action_flag": 2,
    "change_message": "[{\"changed\": {\"fields\": [\"section\"]}}]"
  }
},
{
  "model": "admin.logentry",
  "pk": 30,
  "fields": {
    "action_time": "2019-11-29T21:12:05.737Z",
    "user": 1,
    "content_type": 13,
    "object_id": "1",
    "object_repr": "smartphones",
    "action_flag": 2,
    "change_message": "[{\"changed\": {\"fields\": [\"location\"]}}]"
  }
},
{
  "model": "admin.logentry",
  "pk": 31,
  "fields": {
    "action_time": "2019-11-29T21:19:35.084Z",
    "user": 1,
    "content_type": 13,
    "object_id": "3",
    "object_repr": "miscellaneous",
    "action_flag": 2,
    "change_message": "[{\"changed\": {\"fields\": [\"location\"]}}]"
  }
},
{
  "model": "admin.logentry",
  "pk": 32,
  "fields": {
    "action_time": "2019-11-29T21:19:43.465Z",
    "user": 1,
    "content_type": 13,
    "object_id": "2",
    "object_repr": "cultural",
    "action_flag": 2,
    "change_message": "[{\"changed\": {\"fields\": [\"location\"]}}]"
  }
},
{
  "model": "admin.logentry",
  "pk": 33,
  "fields": {
    "action_time": "2019-11-30T09:51:21.400Z",
    "user": 1,
    "content_type": 13,
    "object_id": "1",
    "object_repr": "\u0441\u043c\u0430\u0440\u0442\u043e\u0444\u043e\u043d\u044b",
    "action_flag": 2,
    "change_message": "[{\"changed\": {\"fields\": [\"name\", \"slug\"]}}]"
  }
},
{
  "model": "admin.logentry",
  "pk": 34,
  "fields": {
    "action_time": "2019-11-30T09:52:14.082Z",
    "user": 1,
    "content_type": 13,
    "object_id": "2",
    "object_repr": "\u043a\u0443\u043b\u044c\u0442\u0443\u0440\u043d\u044b\u0435 \u0433\u0430\u0434\u0436\u0435\u0442\u044b",
    "action_flag": 2,
    "change_message": "[{\"changed\": {\"fields\": [\"name\", \"slug\"]}}]"
  }
},
{
  "model": "admin.logentry",
  "pk": 35,
  "fields": {
    "action_time": "2019-11-30T09:52:27.677Z",
    "user": 1,
    "content_type": 13,
    "object_id": "3",
    "object_repr": "\u0440\u0430\u0437\u043d\u044b\u0435",
    "action_flag": 2,
    "change_message": "[{\"changed\": {\"fields\": [\"name\", \"slug\"]}}]"
  }
},
{
  "model": "admin.logentry",
  "pk": 36,
  "fields": {
    "action_time": "2019-11-30T11:49:02.867Z",
    "user": 1,
    "content_type": 13,
    "object_id": "1",
    "object_repr": "\u0421\u043c\u0430\u0440\u0442\u0444\u043e\u043d\u044b",
    "action_flag": 2,
    "change_message": "[{\"changed\": {\"fields\": [\"name\"]}}]"
  }
},
{
  "model": "admin.logentry",
  "pk": 37,
  "fields": {
    "action_time": "2019-11-30T12:04:22.716Z",
    "user": 1,
    "content_type": 13,
    "object_id": "1",
    "object_repr": "\u0421\u043c\u0430\u0440\u0442\u0444\u043e\u043d\u044b",
    "action_flag": 2,
    "change_message": "[{\"changed\": {\"fields\": [\"slug\"]}}]"
  }
},
{
  "model": "admin.logentry",
  "pk": 38,
  "fields": {
    "action_time": "2019-11-30T12:38:34.475Z",
    "user": 1,
    "content_type": 13,
    "object_id": "1",
    "object_repr": "\u0421\u043c\u0430\u0440\u0442\u0444\u043e\u043d\u044b",
    "action_flag": 2,
    "change_message": "[{\"changed\": {\"fields\": [\"template_name\"]}}]"
  }
},
{
  "model": "admin.logentry",
  "pk": 39,
  "fields": {
    "action_time": "2019-11-30T12:52:08.604Z",
    "user": 1,
    "content_type": 13,
    "object_id": "3",
    "object_repr": "\u0420\u0430\u0437\u043d\u044b\u0435",
    "action_flag": 2,
    "change_message": "[{\"changed\": {\"fields\": [\"template_name\"]}}]"
  }
},
{
  "model": "admin.logentry",
  "pk": 40,
  "fields": {
    "action_time": "2019-11-30T12:52:15.985Z",
    "user": 1,
    "content_type": 13,
    "object_id": "2",
    "object_repr": "\u041a\u0443\u043b\u044c\u0442\u0443\u0440\u043d\u044b\u0435 \u0433\u0430\u0434\u0436\u0435\u0442\u044b",
    "action_flag": 2,
    "change_message": "[{\"changed\": {\"fields\": [\"template_name\"]}}]"
  }
},
{
  "model": "admin.logentry",
  "pk": 41,
  "fields": {
    "action_time": "2019-11-30T14:50:29.541Z",
    "user": 1,
    "content_type": 13,
    "object_id": "4",
    "object_repr": "Accessories",
    "action_flag": 3,
    "change_message": ""
  }
},
{
  "model": "admin.logentry",
  "pk": 42,
  "fields": {
    "action_time": "2019-12-08T09:35:12.450Z",
    "user": 1,
    "content_type": 15,
    "object_id": "1",
    "object_repr": "\u0410 \u044f\u0431\u043b\u043e\u0447\u043a\u0438 \u0443 \u0432\u0430\u0441 \u0445\u043e\u0440\u043e\u0448\u0438\u0435?",
    "action_flag": 1,
    "change_message": "[{\"added\": {}}, {\"added\": {\"name\": \"product-article relationship\", \"object\": \"Product_articles object (1)\"}}, {\"added\": {\"name\": \"product-article relationship\", \"object\": \"Product_articles object (2)\"}}]"
  }
},
{
  "model": "admin.logentry",
  "pk": 43,
  "fields": {
    "action_time": "2019-12-08T09:47:05.875Z",
    "user": 1,
    "content_type": 15,
    "object_id": "2",
    "object_repr": "\u0424\u0438\u043d\u0441\u043a\u0438\u0439 \u043f\u0443\u0442\u044c.",
    "action_flag": 1,
    "change_message": "[{\"added\": {}}, {\"added\": {\"name\": \"product-article relationship\", \"object\": \"Product_articles object (3)\"}}]"
  }
},
{
  "model": "admin.logentry",
  "pk": 44,
  "fields": {
    "action_time": "2019-12-08T09:53:17.012Z",
    "user": 1,
    "content_type": 15,
    "object_id": "2",
    "object_repr": "\u0424\u0438\u043d\u0441\u043a\u0438\u0439 \u043f\u0443\u0442\u044c.",
    "action_flag": 2,
    "change_message": "[]"
  }
},
{
  "model": "admin.logentry",
  "pk": 45,
  "fields": {
    "action_time": "2019-12-08T09:54:29.506Z",
    "user": 1,
    "content_type": 15,
    "object_id": "2",
    "object_repr": "\u0424\u0438\u043d\u0441\u043a\u0438\u0439 \u043f\u0443\u0442\u044c.",
    "action_flag": 2,
    "change_message": "[{\"changed\": {\"fields\": [\"image\"]}}]"
  }
},
{
  "model": "admin.logentry",
  "pk": 46,
  "fields": {
    "action_time": "2019-12-08T13:41:16.970Z",
    "user": 1,
    "content_type": 15,
    "object_id": "1",
    "object_repr": "\u0410 \u044f\u0431\u043b\u043e\u0447\u043a\u0438 \u0443 \u0432\u0430\u0441 \u0445\u043e\u0440\u043e\u0448\u0438\u0435?",
    "action_flag": 2,
    "change_message": "[{\"added\": {\"name\": \"article-product relationship\", \"object\": \"Article_products object (1)\"}}, {\"added\": {\"name\": \"article-product relationship\", \"object\": \"Article_products object (2)\"}}]"
  }
},
{
  "model": "admin.logentry",
  "pk": 47,
  "fields": {
    "action_time": "2019-12-08T13:44:17.590Z",
    "user": 1,
    "content_type": 15,
    "object_id": "2",
    "object_repr": "\u0424\u0438\u043d\u0441\u043a\u0438\u0439 \u043f\u0443\u0442\u044c.",
    "action_flag": 2,
    "change_message": "[{\"added\": {\"name\": \"article-product relationship\", \"object\": \"Article_products object (3)\"}}]"
  }
},
{
  "model": "admin.logentry",
  "pk": 48,
  "fields": {
    "action_time": "2019-12-08T13:56:13.363Z",
    "user": 1,
    "content_type": 15,
    "object_id": "1",
    "object_repr": "\u0410 \u044f\u0431\u043b\u043e\u0447\u043a\u0438 \u0443 \u0432\u0430\u0441 \u0445\u043e\u0440\u043e\u0448\u0438\u0435?",
    "action_flag": 2,
    "change_message": "[{\"changed\": {\"fields\": [\"image\"]}}]"
  }
},
{
  "model": "admin.logentry",
  "pk": 49,
  "fields": {
    "action_time": "2019-12-08T14:17:27.432Z",
    "user": 1,
    "content_type": 15,
    "object_id": "3",
    "object_repr": "\u0410\u043a\u0443\u043b\u0430 \u0441 \u043a\u0440\u0435\u043f\u043a\u0438\u043c\u0438 \u0437\u0443\u0431\u0430\u043c\u0438!",
    "action_flag": 1,
    "change_message": "[{\"added\": {}}, {\"added\": {\"name\": \"article-product relationship\", \"object\": \"Article_products object (4)\"}}]"
  }
},
{
  "model": "admin.logentry",
  "pk": 50,
  "fields": {
    "action_time": "2019-12-08T14:38:45.244Z",
    "user": 1,
    "content_type": 15,
    "object_id": "2",
    "object_repr": "\u0424\u0438\u043d\u0441\u043a\u0438\u0439 \u043f\u0443\u0442\u044c.",
    "action_flag": 2,
    "change_message": "[{\"changed\": {\"fields\": [\"section\", \"slug\"]}}]"
  }
},
{
  "model": "admin.logentry",
  "pk": 51,
  "fields": {
    "action_time": "2019-12-08T14:39:28.538Z",
    "user": 1,
    "content_type": 15,
    "object_id": "2",
    "object_repr": "\u0424\u0438\u043d\u0441\u043a\u0438\u0439 \u043f\u0443\u0442\u044c.",
    "action_flag": 2,
    "change_message": "[{\"changed\": {\"fields\": [\"slug\"]}}]"
  }
},
{
  "model": "admin.logentry",
  "pk": 52,
  "fields": {
    "action_time": "2019-12-08T14:40:01.674Z",
    "user": 1,
    "content_type": 15,
    "object_id": "3",
    "object_repr": "\u0410\u043a\u0443\u043b\u0430 \u0441 \u043a\u0440\u0435\u043f\u043a\u0438\u043c\u0438 \u0437\u0443\u0431\u0430\u043c\u0438!",
    "action_flag": 2,
    "change_message": "[{\"changed\": {\"fields\": [\"section\", \"slug\"]}}]"
  }
},
{
  "model": "admin.logentry",
  "pk": 53,
  "fields": {
    "action_time": "2019-12-08T14:40:17.860Z",
    "user": 1,
    "content_type": 15,
    "object_id": "1",
    "object_repr": "\u0410 \u044f\u0431\u043b\u043e\u0447\u043a\u0438 \u0443 \u0432\u0430\u0441 \u0445\u043e\u0440\u043e\u0448\u0438\u0435?",
    "action_flag": 2,
    "change_message": "[{\"changed\": {\"fields\": [\"section\", \"slug\"]}}]"
  }
},
{
  "model": "admin.logentry",
  "pk": 54,
  "fields": {
    "action_time": "2019-12-08T15:03:40.391Z",
    "user": 1,
    "content_type": 15,
    "object_id": "4",
    "object_repr": "\u0412\u0430\u0442\u043d\u0438\u043a - \u044d\u0442\u043e \u043d\u0430\u0448\u0435 \u0432\u0441\u0451...",
    "action_flag": 1,
    "change_message": "[{\"added\": {}}, {\"added\": {\"name\": \"article-product relationship\", \"object\": \"Article_products object (5)\"}}]"
  }
},
{
  "model": "admin.logentry",
  "pk": 55,
  "fields": {
    "action_time": "2019-12-08T15:12:15.014Z",
    "user": 1,
    "content_type": 15,
    "object_id": "5",
    "object_repr": "\u0412\u044b\u0436\u0438\u0432\u0430\u0435\u043c \u0432 \u043b\u0435\u0441\u0443",
    "action_flag": 1,
    "change_message": "[{\"added\": {}}, {\"added\": {\"name\": \"article-product relationship\", \"object\": \"Article_products object (6)\"}}, {\"added\": {\"name\": \"article-product relationship\", \"object\": \"Article_products object (7)\"}}, {\"added\": {\"name\": \"article-product relationship\", \"object\": \"Article_products object (8)\"}}, {\"added\": {\"name\": \"article-product relationship\", \"object\": \"Article_products object (9)\"}}, {\"added\": {\"name\": \"article-product relationship\", \"object\": \"Article_products object (10)\"}}, {\"added\": {\"name\": \"article-product relationship\", \"object\": \"Article_products object (11)\"}}]"
  }
},
{
  "model": "admin.logentry",
  "pk": 56,
  "fields": {
    "action_time": "2019-12-08T15:20:22.614Z",
    "user": 1,
    "content_type": 15,
    "object_id": "6",
    "object_repr": "\u041a\u043e\u043c\u0431\u0438\u043d\u0430\u0446\u0438\u044f \u0441 \u0444\u0443\u0444\u0430\u0439\u043a\u043e\u0439",
    "action_flag": 1,
    "change_message": "[{\"added\": {}}, {\"added\": {\"name\": \"article-product relationship\", \"object\": \"Article_products object (12)\"}}, {\"added\": {\"name\": \"article-product relationship\", \"object\": \"Article_products object (13)\"}}]"
  }
},
{
  "model": "admin.logentry",
  "pk": 57,
  "fields": {
    "action_time": "2019-12-08T15:21:02.448Z",
    "user": 1,
    "content_type": 15,
    "object_id": "6",
    "object_repr": "\u041a\u043e\u043c\u0431\u0438\u043d\u0430\u0446\u0438\u044f \u0441 \u0444\u0443\u0444\u0430\u0439\u043a\u043e\u0439",
    "action_flag": 2,
    "change_message": "[]"
  }
}
]
